dim0,dim1,dim2,dim3,dim4,dim5,dim6,dim7,dim8,dim9,dim10,dim11,dim12,dim13,dim14,dim15,dim16,dim17,dim18,dim19,dim20,dim21,dim22,dim23,dim24,dim25,dim26,dim27,dim28,dim29,dim30,dim31,dim32,dim33,dim34,dim35,dim36,dim37,dim38,dim39,dim40,dim41,dim42,dim43,dim44,dim45,dim46,dim47,dim48,dim49
0.08498391619445345,-0.326773616558941,-0.5597567813637561,0.9952188889393749,-0.33720765642390793,0.6792796824875493,-0.6643105365097077,0.936013947976984,-0.5656509598475141,0.149221736290702,-0.4074077761203969,-0.97179010941294,-0.5784925243724688,0.3203167016024122,-0.253214415725977,0.009369007915481564,-0.5803485111576978,0.17550137913595432,-0.23089939198590326,0.7977426220718935,0.27166918541391105,-0.7018457921670787,-0.9315014964261947,-0.6323614102885435,0.6286435050322878,0.2698799054586636,-0.7627233447160102,-0.872715312409194,0.0914362721446409,-0.5246578090346254,-0.2517216422861259,-0.6491915434856197,0.6832186321965366,0.257156457279089,0.35042687809538586,0.9575920017744131,0.172491252759027,-0.8401259249636586,-0.8603538090924676,-0.31286351162552783,-0.06316013470667947,0.37818445308224025,-0.49272882247112726,-0.09452593011904087,0.4223223971434975,-0.22564204878856353,-0.4903551152205812,0.10470525852281609,0.49395738857641325,0.6557519153600633
0.39644142837259366,0.5855223346859426,-0.8890189021169865,0.16471155158028905,0.508543336961726,0.36735009684275344,-0.6006487933358522,-0.7430370478077153,-0.8837668624713326,0.9276024929683038,-0.037392255450632295,-0.4576371229433396,-0.22405115046133428,-0.1624678847938883,-0.13057276120989014,-0.061499700298740745,0.15683067168970366,0.3376849359299947,-0.4606660659092263,-0.34500557379564567,-0.6055481092650621,0.6288990246405111,-0.6083765475690979,0.8685157424352492,0.04094108214055847,-0.02685568612009126,-0.3358164609454235,-0.5341279337383256,-0.49978347248755783,0.1747703384327277,0.2219837402821283,-0.9654812679066196,-0.580419855459982,-0.4745594387698695,0.9862619720243195,0.3969769623801853,-0.23099394281193453,0.9258058427304872,0.0182061407062184,-0.4224039938024715,0.4479437944697149,-0.6270294496586457,0.7463031498985044,0.15319881183631523,-0.9641973296536306,-0.054267900046880424,0.7412473293720558,-0.8708747109196766,-0.9530802290863032,-0.039186853458014426
0.3312496753525025,0.3033319621407027,-0.5331961592099312,0.5562170391276409,0.7596750537025323,-0.09499684922000862,0.5050063899776851,-0.3855941315717861,-0.5189710375169461,0.9693931482166827,0.14365513985242906,-0.425792180897433,0.9432070587336225,0.4047203082923092,0.5717183373375123,-0.6691638671505462,-0.7875244689464029,-0.36756625622642325,0.587050796390681,-0.6736839543333208,-0.25556665876814044,0.8599101534222835,0.9444418640168561,-0.3375837186142068,0.09764650495546778,0.7283988050544492,-0.6569606115404532,0.5012031113276114,-0.6581493989378808,0.36644610156763546,0.5654631380718373,0.8037096265231063,0.35375941169706904,0.455788599150452,-0.2499269330188887,0.49343714629408364,-0.27329528128642844,0.7190895659406733,-0.18045737416451724,-0.5982798267862282,-0.02695699873644708,0.27735517584104397,-0.7168338343532557,0.25703839151708063,0.9790612399002758,-0.915726580198382,-0.646012579237917,-0.7797233502347947,0.5391459357918018,-0.6179423538576021
-0.7166412308557231,-0.48507110281433796,0.11360810245489139,-0.04988081101914332,-0.08149802449693544,-0.8997621528382291,0.3404836233864046,-0.6399034174697644,0.6601038742713974,0.5703263761602786,-0.08231129494060108,0.7685702723337351,0.9709671543632372,-0.09651459981518551,-0.428737216677598,0.537067173066303,0.706106029219288,-0.393780869171072,0.2276501756672351,-0.23963530183761383,0.3465946467378833,0.5178063058175928,-0.7391373371009267,-0.5539622658862604,0.34607522582536543,0.20189262605035552,-0.28729881473374164,0.11613423768462239,0.9084053352798493,-0.7029902072407159,-0.6931555373446625,0.5597202246069406,0.3299942713909543,-0.5002342887390037,0.2520709536275474,-0.08487727250944621,0.6525459353858181,0.5514796676095055,-0.57606336164545,-0.05313979656915624,0.6461812535092091,0.19366197595482104,-0.9992940008639701,-0.8608577746414956,-0.37051719306817255,-0.9336644922149842,-0.24288386849263954,-0.4423229247722289,0.07375351988609147,0.9245999383569248
-0.24724814346847213,-0.11203768135029302,0.7856297395086496,-0.5487461864036929,0.6048755795993972,-0.6187787611065891,-0.39117820533678493,0.9482935706895059,0.9794278832334626,-0.6686324641703738,-0.9916429909422826,-0.36116850865538597,0.354081628401429,-0.7655501639610995,-0.4771659507074384,0.42123697048173714,-0.49114281856806574,0.5252225920090812,0.4687960726206235,0.7340227689700054,-0.7960885801148407,-0.7567272551300741,0.9789678980181429,0.2574046278589006,-0.5282444042454522,-0.6503539827476263,0.9647786429799532,0.9283392740738785,0.8878900967844245,-0.49623721180619373,0.3954899341410898,0.7938733319533067,0.8356420378721183,0.43365495737071535,-0.8110162566704266,-0.8969267285309375,0.16733157673312293,-0.21583915127229591,-0.32347711206132335,-0.1574110154806272,-0.7638089326423341,-0.7037476747870439,-0.8736109323890089,0.2332350389211122,-0.26727609313635314,0.28416523737777943,-0.7397868997915364,0.671725110072591,-0.12688574616936021,-0.69188413276729
-0.08632630458663293,-0.6681557949818511,0.7599219678074394,-0.8751140192583815,0.25350220389340716,0.7214583045221175,-0.8657980537420582,-0.152728686872861,0.08513330643288253,0.02100190906828381,-0.10975182647882997,-0.6000888939464915,0.8258458780714943,-0.21694022534130664,-0.2872798827440399,-0.9088005528998457,0.6476181768340799,-0.5774037992868255,-0.6260176196944482,-0.40311781532488977,0.8325547065217602,-0.3284692885231224,-0.13940434040635896,-0.5538227531978395,-0.7530605116618769,-0.588385803478702,-0.6094031084378306,0.6817812491946578,-0.865992077055707,-0.8571179321364921,0.6370217380142877,0.11098177540724308,0.477674218451412,0.11537831819585875,-0.8004185758359026,-0.04069449238302081,-0.6833438167472163,-0.12796038588427772,0.6610232773619535,-0.22651342301353816,-0.8959847141014992,-0.7636979963323394,-0.023887768743222626,-0.6283485168953882,0.3727807969119965,0.911385167903144,0.7496982858618204,0.5780381882920511,0.8965592130889801,0.8720404697825757
0.1721776829384094,-0.6020311607045592,0.10285381397735627,0.7805586719912823,-0.24240802392896432,0.8623429363965429,-0.4496570146570473,0.013638773636060364,-0.2630833148854892,-0.5821919640603808,0.3589662973367487,-0.8518723151729954,0.0481195982423146,0.13140583415479234,-0.021904844983226646,-0.6211607776406889,0.26125000067782045,0.3858673874391987,0.9363348258680224,0.711004880954957,-0.2671338117943538,-0.31232560809898535,0.904800644245296,0.14796476918082613,0.4231857872027902,-0.3010870239828396,-0.35879856599198146,0.11502993653381788,0.49405345654993127,-0.570048326114017,-0.6076937373623017,0.09410513304508994,0.8229838231760018,0.7638739390332336,-0.789548856784621,-0.3892639380849823,-0.6676152960018302,-0.6051289232705503,0.5920834129568955,-0.4376845967642726,-0.6006761200920088,0.8179377581361287,0.7996776680979538,0.7596270887390206,0.5498144039918551,0.6612920649276948,-0.0162977136911322,0.6504691783848875,-0.9252110354368881,0.9581120316405896
-0.3287621374669829,-0.5599375747994264,-0.47549505661975067,-0.20273110504114022,0.9766802416919993,0.36351900318078867,-0.6053196480466605,-0.5729678471848851,-0.9248466364124743,0.06868808715273245,0.32811645480839013,0.2911189836088184,0.8627216544171703,-0.20927520273620503,-0.3612914433664458,-0.4565841094810228,0.19939459654546665,0.7490975893211647,-0.07185406920708504,-0.2993233348224318,-0.5811865078539986,0.174357885862352,-0.6149967736076132,0.5921791613592338,0.9974567938173848,0.9751371822257693,-0.9034221031423328,-0.3788669714237942,-0.17233773118248363,-0.19876664784037912,0.9849262101781529,0.49112752662710113,0.7173503889836299,-0.9340518885304467,0.540055097419756,0.21084418192861065,0.1720177622954382,0.271541519299797,-0.7753750905179286,-0.26219943124582157,0.4465937573455556,-0.28730780223564834,-0.9452264559726538,0.001880373828002213,0.3180149044336753,0.9899882881393314,0.48448441177934987,0.49391531902358476,-0.375080512115062,-0.5228798856551786
0.11481094021745974,-0.8416548595827629,0.039284735866174536,-0.17847681754193445,0.8745307957877593,0.642831404340598,0.9763445269788029,0.6058470934982201,0.1713053328929206,-0.8639289652497548,-0.07027341097059336,0.37107867848027043,-0.7646208346184564,-0.3458650383197517,-0.479751572893512,0.9841120064751365,0.14439110188627158,0.3868186157760056,-0.38906230237977146,0.9690456425077891,0.4955484991260146,-0.5112277288293758,0.14600088010178336,0.5113581245105676,0.7853845872571732,0.039814860486788284,-0.09692428816900822,0.1685296028054064,0.38467439191636865,0.45082011549324585,0.18666592187157605,0.524614316841661,-0.45890281954549206,-0.29683927037224045,0.6964892804572802,0.7913166046427214,0.9147753207656542,-0.4210862272617537,0.10161714447563686,0.40772520299707926,-0.7831890257586105,-0.50009928639053,0.80139726648106,-0.24057585712507512,0.03506303193104854,-0.4210034168036052,0.48677121119769984,-0.0767954564876061,0.03704421110449774,-0.9448479505904088
-0.49687343479001944,0.37758301872888644,-0.8353128683270432,0.7852550165397645,-0.4972725642785911,-0.3446068845447252,0.6531800628940054,-0.4487312371230998,-0.766620508585369,0.1190516542906237,0.5013485726014619,-0.40013074516345615,-0.5031479117599869,0.737324160701172,-0.3438626061969563,0.17310621934647674,0.395986429866233,0.19681805159305243,0.07450691060374792,-0.06079139508141562,0.5792866308216436,-0.6457551426490138,-0.4047029807580933,0.26153272400738503,0.2834470952397905,-0.04779613309149022,0.16378099593757423,0.7535328989784609,-0.2126810399207839,-0.19775774879042674,-0.7653684351774794,0.2436299096181127,-0.7276626490180433,0.502231476588129,0.17650305109137543,0.8860468042236116,-0.0184752695606063,0.32583335554158,-0.824465570615049,-0.5370532232244454,-0.644480227756445,-0.7796459095957227,-0.4956854719484318,-0.4119653478359373,-0.5180313079873242,0.46998805819459655,0.44520335774580255,0.14005913326960995,0.9510974443274209,-0.8223627815746344
0.2636366623917219,0.906595769371155,-0.11251780001972111,-0.3316019027406054,0.14499204474894034,-0.3221798969765888,0.7163095772184,0.44647173987865996,0.2383108102556375,-0.4397944509336096,-0.46990117902878836,0.5598046218846138,-0.8147402541066238,-0.6326220689583852,0.8105666334161579,0.33361777892060207,0.008412551487118058,-0.02729693881053663,0.3705836115299128,0.9318592889813373,-0.30921769117502507,-0.6186004579167141,-0.5306810544255178,-0.7022449570948814,0.9531235433589158,0.38673125057224667,-0.9307748669384419,0.23225000956956476,-0.255324890634117,0.8218114784490766,0.19551043156654035,-0.9798201447043366,-0.27012949530369257,-0.5214413677153651,-0.6218582836015694,0.5606786710115643,-0.10427414903100152,0.9605778004883043,0.7487130980244268,-0.9846663131919962,-0.0002523345594243054,-0.32854624469561244,-0.9217629134429863,0.7176986971616781,0.33115589221815434,-0.22542856390718446,-0.1715098290663497,-0.4806679977641086,-0.41445889835595695,0.009747156600881546
0.029393263216356047,0.2092951761674713,0.16716850961091856,-0.6562864442198366,-0.12132553859849038,-0.1530425027608775,0.085320374909156,0.8172898424030879,-0.38554401992046783,0.30836892245308833,0.27064854975543584,-0.7782759426726162,-0.7417424621121005,0.14138548026342201,-0.5856019201570355,-0.01640680902291969,-0.08067363756426493,0.38441603769960153,0.7436154146794158,0.9027325190501649,-0.12394014326543124,-0.23318245863871523,-0.5151419229425156,-0.7589623304566686,0.7491073601091967,0.9185710443823853,0.49009390182603996,0.33917274908811423,-0.10507883935618789,0.10626466990194228,-0.888327135362855,0.08045245112354404,-0.08860613341766754,0.10324417411056386,0.6207464252782628,0.20288964708714952,-0.8687969983739352,0.40558963534232095,0.18943696759457662,0.6901104333836678,0.6449598249923083,-0.3785855124551025,-0.7125769315225585,0.1624500747269857,0.35982134757646467,0.3214622921085728,0.19671597893084813,0.637022466870746,-0.701096193027066,0.3166631155312456
-0.5074890388612192,-0.042732971702182265,-0.7599827393791996,0.9151927392026709,0.8885467296003116,-0.03490245427113914,-0.6850796616754944,-0.14945095861190572,-0.7479509368330977,0.14102741942371155,0.7634294815010891,-0.6367916187427305,-0.841449294651877,-0.3353318132968357,-0.18714233364466537,-0.4351168970227812,0.336062084191036,-0.4520588764840281,0.9292927047558366,0.6021517494333724,-0.6886715626101365,-0.1969135887877842,0.6557952341506246,0.9359758523815467,-0.9626145055879967,0.3442619732513488,0.02893404236787811,0.2750004647240587,-0.7406182273249566,0.2005117197196018,-0.6728323535287548,0.5163487068969324,-0.01773724862989745,-0.17493394928573514,-0.12691271689137595,-0.33502737872457855,0.17414085249269018,-0.15110142529293347,-0.6896932447749746,0.011436889320790122,0.5562597007676899,-0.7193167669708771,-0.08498583570434048,-0.5828517939973339,-0.35845134929570666,0.3456749424966694,-0.6334524594342503,-0.06169224269202367,-0.7405599432383974,0.6405230842779952
0.5031149840782487,0.8402523939432807,0.3020964984334178,0.8707894406410768,-0.5301667545053821,0.7115366535970522,0.8591985803017117,0.8377973715157756,-0.40057199216692574,0.22748261186840368,-0.26585971158034694,-0.4306327029806014,-0.24919808934276277,-0.375665568683341,0.37426626690860276,0.8390581714191958,0.6560484389517605,-0.05769342183072368,-0.5941606531042227,0.6053463277233249,0.5796905054968011,0.7181226877865368,0.7655448765923851,0.8474783510176955,-0.01648224853633007,-0.14932775731960568,0.5423674177635598,0.7901778935129218,0.7506014708028865,0.0605622557622314,-0.018764948202779852,0.05333363687627424,0.21818503798476074,-0.8661076909713388,0.4732080012192883,-0.15881353048145241,0.2851933126538384,0.8423104630582343,-0.9342769913188009,-0.8625278602063564,-0.35697167017498543,-0.22182890744689443,0.4828723781794113,0.1977971261543816,-0.10902539772792874,0.9603333638165124,0.41663771653621096,-0.8380529032915676,-0.19690709640730564,0.9694715872412445
-0.9562838978448132,-0.5431683622634669,0.7907738339600447,0.09035356791623883,0.4620813073627148,-0.07219065580619377,0.11129790902638304,0.6339905651823359,0.6818167049075678,0.1395672780856132,0.8196934894186545,0.10781334804072484,-0.06243083146884176,0.9400923378784567,0.4908495531521777,0.5535277131458263,-0.3447763511659745,-0.807841884324136,0.6822904609855955,-0.9978254292698465,-0.46190271904109137,0.3942711267746555,0.24246630968445215,-0.6820609515544951,-0.7782955953314805,0.8299867798921032,0.48978526231436215,-0.5304173449142757,0.2912207021617137,-0.25969701295429726,0.6028750452095504,0.772763119081258,-0.19536011550912136,-0.06110144012916985,0.4603373149874601,0.5546393434034931,-0.4484207085038032,-0.15608360210362804,-0.9997014602757779,0.5998887128868486,0.6414449502275299,-0.7675752611105775,-0.5033435967896169,0.46482028921806684,0.50775915763856,0.8917874187730113,0.9011756791804726,0.8894495821108128,0.2961436877114112,0.18713015668153465
-0.3401633739178016,-0.34961329332927393,-0.7961702073325458,0.53793252813231,0.7174630212552198,-0.13465298544698712,0.443347705213915,0.5935819423984272,0.20076392122235198,-0.023808197368727413,-0.33548219472910557,0.5072941566546376,0.8912538066114268,-0.015934632107548197,-0.9404543559131944,-0.3912369687999897,0.2874870139375152,-0.6696837513006169,-0.9249467608247608,0.7728478821397529,0.5561891014465914,-0.34305013549093344,0.2429828757795338,-0.022486517134180595,0.985283639371322,0.9905568340627449,0.154771941804138,-0.15746664361692186,-0.0841647263811165,0.1212133331057621,0.2546659355335512,-0.3914112122833311,-0.0023308817282843286,0.06245916119615513,-0.28174027461993445,-0.6982135822116824,-0.16572497084154936,0.26396153646126885,0.4420143250152182,0.2738284415911889,-0.08567680549588408,0.5881238256244292,-0.38676930946112886,0.3348086326248425,-0.2599063570441347,-0.8538737531476848,-0.46971176570703754,-0.9522208354547992,-0.7573980438158547,-0.8482911489153011
0.06374395294693036,0.2260029387474356,0.711935475373378,-0.24458380836495008,-0.3992104609815228,0.4359373111330549,-0.030519597938302834,0.5275478440960604,0.5310035910476372,-0.2986215709548743,0.9461470573814594,-0.20913558648760988,-0.9105425855840052,-0.3811516449858381,-0.3119413588743871,0.13829219955242333,-0.5821278124442384,-0.8096500071026771,-0.5838525068031384,-0.8806373752945329,0.9067897331648127,-0.4039166652550943,0.1577983316355267,0.5538981245791641,0.8506318910120605,0.24936406866116645,-0.5694293341716556,0.5285731361937742,0.749271671625598,-0.7814674305536102,-0.011694257553513054,0.4719268913032466,-0.5942537266186365,0.19410818951803632,0.6604970691133851,-0.5871323416527394,0.42767413605731264,0.05904651238337921,-0.4330872356647304,0.15986570288197033,0.19342095045625163,0.15337982688486518,0.4124688502932563,0.056170374484972196,-0.707667568173068,-0.18466072340774753,-0.44933699510089076,-0.21528308623004389,-0.1960846735924937,0.8076269384163268
0.24263456327033595,0.2738451616735391,0.7517001295503589,0.13187666596641678,-0.8053232652675533,-0.4663949494458719,-0.9356104539628287,0.4724747985998605,0.6324161036927696,-0.2127425593284431,-0.046716259608029276,-0.9315283093518354,-0.8428157802255769,0.3881069844947236,-0.038559229448554166,0.4926620625880287,0.47826682884004157,-0.5774299612437055,0.8261064017297279,0.5387585417974128,-0.8970749076420343,-0.4737354418960602,-0.5917698199018484,0.27662916896565237,-0.8288582537215081,-0.5924576496274923,-0.7232997392735157,0.8851999994895348,-0.5963783547725949,0.2758110479126641,-0.4011273716913184,-0.9080658218078197,0.9763917285959094,-0.849422718891236,-0.8545825508153286,0.2824927921889975,-0.8759110631952085,-0.048077387668620464,0.6639174546643369,0.2659356735307248,0.12183522564512783,-0.9111857052913694,0.26031163855682227,-0.5770610308494488,-0.8933762061981847,-0.7669884801569609,-0.9422495357131235,0.17855378133805777,-0.8529933659017059,-0.44262009549221437
0.9693891197602937,0.0556669797972118,0.29297658680509864,0.9146413427761084,0.5527404754636405,0.780231431171202,-0.05531922172686876,0.5169564123434349,-0.16234974379519018,0.307993902358072,0.44707786052449183,-0.31231659061612804,-0.25658732830357334,-0.8435976326769277,-0.8782798603916682,-0.3352014287068532,-0.7208036247757024,-0.5000571521424941,0.9344708732029345,0.22535451196955414,0.8851133827685058,0.0757784583843577,-0.24547813048254508,0.8219783306770614,-0.8942526540054159,0.12936388346582417,-0.7797781217680857,-0.36556318630854845,-0.8438767502121243,-0.8074754826579236,0.2981068319318889,-0.9819243579516415,-0.9900356184270818,0.2768434588554807,0.04380444408950934,-0.061159522392601584,-0.11329113244077638,0.940412507433094,-0.9310673457137097,-0.46692521431365064,-0.35732981686987575,-0.8937742450505897,0.891126556131137,0.3567875196600907,-0.32103919114425006,-0.6060081038843839,-0.8243323685816342,-0.40191855223415507,0.4797689687423565,0.9022493386598818
0.2301644863467991,-0.7326490169422457,0.1801505463735502,0.9723334994726667,-0.838549733336269,0.7422471566771152,0.21373899368421423,0.013569300902322556,-0.14042152009721232,-0.16990053096814028,-0.5604172613202194,0.7001492209440303,-0.7767448450552306,-0.746222520748121,0.04484646891707511,0.5155938605054287,0.20589491548020167,-0.1757859710058245,-0.9244196465806507,0.09396885040175285,0.7372978589999435,0.1475922472183404,-0.9982513668842072,0.34310393893832725,0.2437859074259059,0.7350168030667632,0.4811294048154604,-0.8290447086281012,-0.3911683805268229,-0.3140687795699768,-0.8191292164687698,-0.44088744420334836,0.9555136365585644,0.6775556610855253,-0.5497488776831592,0.42485030878370056,-0.1434462346246539,-0.14689380774490424,0.6229514621000956,-0.6148017460938231,0.3832486420752632,0.12039782028690604,0.15238086683644925,0.9744393530505535,-0.7642563720302484,-0.868596089745274,0.7813811106362274,-0.5577879433421633,-0.9406490670278669,0.927285382247621
-0.16667089284064618,-0.8385168233035696,-0.6884109136739545,0.4462238646396073,0.3685701357425524,0.03295935879798684,-0.8169018659005678,-0.1803953687221309,0.04991578487016035,-0.7057452694235318,0.9221838319347047,0.42363247796950665,-0.9427182009433914,0.57535468860425,-0.8381831997314109,0.6725845439523233,0.9663041169354001,0.3419870198657624,0.6371063011664884,0.875348219887599,0.7938837447225264,0.9746801642060308,-0.4932281137362158,-0.44221449319441986,0.651403207951808,-0.869297547999901,-0.8077757700762929,-0.34439292941902,0.9663035132683118,0.8217325819856467,0.29004948551670307,0.8767365777971281,-0.5468231597000046,-0.3399852232453564,-0.05782268299803839,0.3334361373418693,-0.8992085765871756,0.9335568707544324,0.31682904351996344,-0.25728464044204014,0.09460436881300227,0.3724995820259047,-0.6744353677135293,-0.5963557458859934,-0.26242202107643253,-0.6057988705890458,0.1176085202611139,-0.9638465104213969,-0.7816964235517467,0.6984943805500512
0.6040651945349933,0.04646744000249603,0.37986253970243977,-0.05651347556794217,0.8135488335729675,0.11178091043590621,-0.1882681832269184,-0.4771169021054842,0.7709376287130891,-0.04863647229707002,-0.10451080466924267,-0.25396506101532923,0.6113221383372198,0.4096918452464662,0.25316497139484095,-0.3651155779786661,-0.49778301881251474,0.060496947455537686,-0.5556051739569283,0.16656259638698323,0.09484985617878383,-0.5447590023368778,0.583427783846755,-0.9811453944958104,0.7625935462742626,0.611171765077986,-0.1387314185546784,0.042059456371255965,-0.6541667514536758,0.01213768932065351,-0.767577007377803,-0.7479849494412405,-0.9254998676072899,0.528225401735769,-0.6796527178208116,-0.8787668001854656,0.6850159030117404,-0.4039333868948187,-0.49590453930559786,-0.3334722002097723,-0.15112436428527598,0.12643710695634747,-0.07674442730193487,-0.6541519665373872,0.3859960837362224,0.4994139994975728,-0.7975866576445467,-0.7283354953330221,-0.2176698753094115,0.8435398760475081
0.9649082313704134,0.16542733213169525,0.0447296901516161,-0.20917404659561578,0.6770935563073839,0.7436579285522331,-0.0037983748165597575,0.9595573790181895,-0.2253124951604235,-0.36265378405028015,-0.935104553638249,0.5350796260449924,0.539937743159661,0.011452555738581172,0.25552341795706157,0.5268964494570945,0.3441864995250832,-0.2541431933384266,0.025157556222732858,0.6856880295260703,0.18936438556467472,-0.40142726581108956,0.46569381581751657,0.7007437187287615,-0.645172760585734,0.2952793399483369,0.9224101292802618,0.48047779347092945,-0.6872936751782959,-0.696599078062424,-0.09009063742641121,-0.8949066700237669,-0.1422810360750919,0.01233717909231391,-0.07747278149749359,-0.8771917892398329,0.23459098456939165,0.3744719608867615,0.06977623052017767,-0.1653677692303548,0.939875627369458,-0.6729145690141443,0.7025213320608765,-0.3502701193939681,0.779700138646418,0.29479243360751095,-0.4401261789056732,-0.14777718574665988,0.6134531239291272,-0.4316125108717732
0.665237742838308,-0.8521221736025573,0.5416074520548229,-0.7285353391804943,-0.8672759616117083,0.9612316575802704,0.7907858032730193,-0.5937578251526512,-0.670416119594381,-0.15732992994566608,-0.7957574465838309,0.22445104761194212,0.541238847979038,-0.5646044180949548,-0.5857482478238492,0.7033872238450796,-0.5758021238623567,-0.19505821606194873,-0.11163970740138973,0.3879827624950756,0.6947691672938148,0.6620213370567933,-0.22520865546736202,-0.20566443890192243,0.6643564286977082,-0.7167976902754662,0.11036384020654388,-0.992150385751335,-0.29084710227988975,0.4655537310313318,0.22194421033094702,0.6278486173930138,-0.283331133839666,0.5945687964414312,0.5685127669870549,-0.12746562488284896,-0.08639458976034042,-0.5969948388681052,0.7469054693286163,-0.6931067004078848,0.5294967247907421,-0.6038923652481825,0.8919234307245376,-0.8119299779213178,-0.3149009369916511,0.7580129342578674,-0.04811601398687282,-0.05573132629701494,0.47562712237333526,-0.7300036189124448
0.7048230807761087,0.7653684851811291,-0.3759774080250291,-0.6541944719668202,-0.30521315760295886,0.1445936916267807,-0.03507287620567778,0.9770469852342685,-0.5781975505505086,-0.33920988775619776,-0.859799757034152,-0.14350005166771185,-0.40081806398622355,-0.8559391020073295,0.9473077426669954,-0.729229739310155,-0.5449472937439088,0.49469355785077873,0.11794711133396296,-0.6519605845444905,-0.898569182086864,0.7762884527123055,0.21463357366041924,0.9431775814091501,0.8734213226103287,-0.8829641104191857,0.23414981068213025,-0.5610130622975729,0.1547153499187055,-0.6048067571503593,0.95570262805315,-0.35848793865916795,0.5509775716904728,0.8776839718221843,0.45213927240621876,0.7441233608080049,0.12601875397943152,0.7417482304724996,-0.1463787224359434,0.16936234209832302,0.5843341817593202,0.3905258016686224,-0.04553294078485193,-0.9993181715200348,0.8804017403620263,-0.7303214500280251,-0.5770294926246833,0.12192335281024214,0.5199049666577045,0.02414198033561199
-0.5727230392729807,-0.8604071992726734,0.17399089146933644,0.34683708473340236,-0.8042301803994252,0.08125954778087197,0.39409950478093814,-0.1841987813991648,0.022938572751588282,0.6045825852817361,0.8283805004508658,-0.413133281789551,-0.47392824082571705,0.7118153156075739,0.08294131126257742,0.07677312970387806,-0.03693903233231488,-0.9510622128517245,-0.7026266203377936,-0.48907771593727434,-0.06768535064622982,-0.43871463656306275,0.0524007587052604,-0.6234870093291964,0.973454306014891,-0.07892615226438116,0.5601397294575157,-0.6002885089294248,-0.5017574323682612,0.4366249395989654,-0.6528186552396957,-0.5963874188601337,0.26252931194680773,-0.9113799097078363,0.8092988257782237,-0.5258329357564788,0.2715610208850352,0.6691039314846252,0.42384713995517664,0.9025525007284032,-0.1905231155884306,0.6683805599716939,-0.996633601842055,0.6469302244287163,-0.7554944027967911,-0.23788674544672928,0.49417036914335055,0.5648646564260349,-0.727369466883137,-0.6294870918920834
-0.8320815330693301,0.57547043611594,0.12412675023490971,0.08600158736356667,0.005025748417528675,0.46311800263993064,-0.6663260298443339,0.6805701916382989,0.03242861624984128,0.5134014064004884,-0.8043498130480264,-0.9892278072779215,-0.6872067000859468,-0.08375493047435878,-0.555440569611553,-0.7467228343754977,0.35824411114591026,0.6232457779963418,-0.43289991231369385,-0.6562767804738856,0.7063600355889399,0.2064863256937599,-0.9947375649045824,-0.05109622728302643,-0.829735655268999,-0.745530057535293,-0.9308797740315442,0.07225814597500602,0.8702577189686336,0.8018320807933539,0.7560596251878282,0.12407649450095137,-0.6878797329680442,-0.30763579853731393,0.9326711968063783,0.5233868183591981,-0.04585282528217283,0.773842658680941,0.7631522347312005,0.023081422171943533,0.3286113229895009,0.9524073163768971,0.926946078665746,0.36174932216673295,-0.46057972166812,-0.4810802986838332,0.2818216415578876,0.9246745259825033,0.3790497507929689,0.9571322764837169
-0.4827978534577886,0.8639551011389348,-0.6546548599666009,-0.6685250021402407,-0.9556319676763403,-0.7753579141531999,0.12742818252931087,-0.5508883689081974,-0.846782510463163,-0.5281479148927808,-0.8879632636156756,-0.4097372351707591,0.06817836815278344,0.16724976000742897,-0.026265530435079842,0.673007786209594,-0.5754781693080284,0.29873520723461366,0.4708469325512672,-0.2108238940273961,0.4345193941597749,0.6178472317118842,-0.7678665171934775,0.33022724921319924,0.8552609333238101,0.17618413426956536,0.1545464771191276,0.2782274846464605,0.1409763417878458,0.0022598969422276127,0.015706911927395595,-0.12947310772938758,0.24464164883783734,0.263454751597644,-0.061369114738773156,-0.7812085695446251,-0.3232028013838226,0.5698472283000577,0.38901071213646965,0.3661677463876778,-0.1486765258681162,-0.5181174282604712,0.2910866626334938,-0.01353123163847414,-0.21401816642297788,-0.760964866468615,0.4768001502536374,0.7157190963753601,0.18491552880771955,-0.864670189658745
-0.14611532193737364,0.4238535858403467,0.9485674224780447,-0.5709735213311471,0.6918647504048652,0.34289199628536426,0.9123445820711167,0.5221683065831408,0.8161467936966735,-0.6512634779430209,-0.4315408355642347,-0.6693186031631293,-0.578496613178197,-0.7277321242956196,0.48257509892369077,0.0939216791640356,0.3104423493939321,0.0808071214078967,0.6692237781916401,-0.3945977515431687,0.9144793579804604,-0.7419427396084219,-0.3302549107467758,-0.6078564463976912,0.04820534738365012,0.20599345702773375,-0.679760645565723,-0.5134171127269207,0.8543724975674509,-0.051131089797621154,0.2340881916399371,0.34133465513417205,-0.27900495188152785,-0.21962414299772304,-0.38948596868603413,0.5484113506546593,0.42200547277399547,0.47991294912890226,0.4315733279372722,-0.5825530893675706,0.9819747208465066,0.3321553192646727,0.17633026991322298,-0.4155880297914578,0.8547261219654727,0.8102527261931964,-0.8064641784140525,0.38450725215221127,0.2671401610266808,-0.885725709003323
-0.06294468475937531,-0.43344850667527135,0.6323311175421171,0.9447875922577884,0.9187853015178087,0.3775395724487183,-0.9367088546851994,-0.3958797556359719,0.9967262101080321,0.9118338287292898,0.9833719646463481,0.5715314748746949,0.4785219521472639,-0.6894597226338681,0.2762203753391175,-0.4525364013681634,-0.20780932886358627,0.5388252507468807,-0.36517216184845136,-0.7701183475192872,-0.8008703390806846,0.9841875973217817,-0.4894639703198975,0.6811812986152939,0.41572431044169234,0.2660729289349608,-0.6987778677480483,-0.6621776374618245,-0.2672259058154327,-0.6232752140532782,0.9880854073369103,0.027738882045073243,0.6873082314157015,0.674225213211411,0.7583381837668735,0.3922103694051535,0.04812999539713081,-0.39514625683229854,-0.5037248239120373,0.15500018114510716,0.20268397558220785,0.9202404021522934,-0.26287169532614296,0.559725385352388,-0.8359025595772578,0.8508160694175744,0.8545186710764128,0.35735265559537677,0.5084110515266529,0.6818117461354416
0.9523458328930401,0.32790244310784233,0.7422090909617496,-0.10967516242065312,0.10531977150035043,-0.7207749195479272,-0.6141198578901359,0.1513527645972612,-0.3609345071319172,-0.23139461786679805,-0.7996475305100827,0.47442478639006636,-0.11475114121522534,-0.9681823757533534,0.9762357563312989,0.587144899881404,-0.7570464231108223,0.19368512644832503,-0.7527476321338016,0.1632592860067663,-0.02316356610064263,-0.8985853445846472,-0.6994680543277463,-0.23604958199657178,-0.9586114259912013,-0.6084422258582696,0.2026013571172145,-0.8091014142871802,-0.10905576912138182,-0.8836125391505139,-0.6343986223090785,-0.025716456946429656,0.2627661115081543,0.2411490118050419,-0.8515455308398625,-0.5498808135718982,0.18594638892007076,0.28233945515368886,0.6482188413734811,0.46273274522374663,0.9758504826262668,-0.17699428038720244,0.25999527141959566,0.46436058304801886,0.45665422106692644,0.9339511306324493,0.3005950260042556,0.0028790996154737236,-0.08592907790478144,0.97551036767228
-0.12692549255229357,0.059666652923629826,0.717834520625666,0.10946412595487187,-0.27780746523036726,-0.594907550460031,-0.2038962745125148,-0.7273811205753273,0.31766365437406785,0.49825577953928235,-0.10351696069089833,0.604870081024842,-0.4820330165113531,-0.2398512527139811,-0.09995286147524363,-0.9530200767502146,0.18579241912811728,0.5526367048441827,-0.3071958926989007,0.849434244137445,-0.19062022533729284,0.3617196431698986,-0.0708268291988885,-0.4857748509903632,0.03816263738412751,-0.10803086393281802,-0.7157371466299365,-0.6044093622615612,0.022604841872452486,-0.11635833851524957,-0.21958695342086676,-0.09801211809134713,0.7799372554444277,0.004622474515107999,0.4965562492601232,-0.32149090454500273,-0.6008949631216414,0.3466982335524462,-0.9192486804567381,0.6915739762615849,0.06283291694831261,0.7202035306258834,-0.6518369980986809,-0.6089523409515007,0.940402245856006,0.8512075307334479,0.4502662839699765,-0.5145439100841251,0.8322015823974964,0.7843430496424162
-0.08426443193703292,0.17245694029955017,-0.2872570230443352,-0.0745783491423544,0.8542808891146936,-0.17489815997568714,-0.9073723413802242,0.08600518971002247,-0.22483828302504705,0.3267086166148738,-0.8729739536795527,0.07538966854178275,-0.41701845500457146,-0.31437502337366574,0.13066853386449617,0.4011994489767865,0.666472903153899,0.564166946463379,-0.49105206470496654,-0.7119255831478295,0.2532655648595976,0.5769344097211646,-0.4830836843699209,-0.3397498433988262,0.814014910345283,-0.23561051730420113,-0.843720289039573,-0.7203230055921956,0.5288143050737739,-0.3424165953489062,0.7664517066469285,-0.660394760515095,0.5513250976311985,-0.43079122416977134,-0.32075647196615176,-0.786870474528798,-0.18071218821232327,0.602629839193368,-0.02087549056448834,0.6562608223795241,-0.16120296525221,0.5313178257767679,0.8140984246701404,-0.8253204278383897,-0.3254886490991198,-0.42310070073854256,0.545160020026616,-0.34126190072183027,-0.4894283257438663,0.8753044353874952
0.05517559345830936,0.8902789419028783,-0.6796089709023563,0.42545686523603043,0.7291300912752581,-0.2704054803977618,0.2922926297137658,0.284994688293561,-0.5977015025640613,-0.2390787691050673,-0.5545307592317061,-0.8172833183650483,0.08977547763680871,0.39449839142667464,0.3260060449051716,-0.9199620919573417,-0.9223240218519941,-0.8419613615061192,-0.7609040706250654,0.2063199438002008,0.7076638624093299,-0.11079688260628462,0.25470091018197305,-0.21254784846607944,-0.9795651968569139,-0.5066172243615275,-0.9733352076020827,-0.7131232982844034,0.759374565337966,0.7449283849673156,0.14531962289478706,0.19610544000840946,-0.9067845340529308,0.4956200546865337,0.29949929080479043,-0.1690882560839082,-0.24298294175549273,-0.30644909807238685,-0.785840001618713,0.5478001885992145,-0.8104286741419133,0.9183090141406178,-0.38274892904663815,0.4535408024850973,0.48816926353759227,0.028618939076288985,-0.8666903555648413,0.26434211751706593,0.8090041496637759,-0.21136232962198287
-0.1482443972728822,-0.8420772275328083,-0.16945312591310335,-0.43484039028923416,-0.03836289694834427,-0.7721323534675659,-0.4635946428572071,0.2883086180274459,0.7629671114527481,0.7741839050721091,-0.11906994651217273,0.8138896189335108,0.650416683112081,-0.9359504698094057,0.7829051606979247,-0.8925009055308823,0.7491007354920947,-0.0478714294758924,-0.5497399274041044,0.8845540743949303,-0.2626369977569567,-0.4060635833349666,0.28555267203419454,0.9357545667312048,0.09995028330447209,0.2249557746345361,-0.8078627506345377,-0.5740237954503788,0.12249824682852362,-0.7574889554908544,-0.23827840281318835,-0.3931922436410846,0.8491572743325548,0.41476275403848417,0.24756163926180141,-0.7508759002459624,0.0666756712444374,-0.8805998338963996,-0.607760736758967,0.047507937447443194,0.950154615328425,0.14631174243004041,-0.6699780811509237,-0.023071581905716787,-0.6548961446619264,0.2533731323530617,0.9762467003574211,-0.2574365105561265,0.8315747469048289,-0.21787766983618884
-0.920686121756531,-0.9331780907531102,0.7318527391405945,-0.9581363643687206,-0.4474855379149951,-0.35283015555857355,-0.4305318924202268,0.9894094211880478,0.8609474529057315,0.025220531668596724,-0.6406947961498348,0.365507841166544,0.7340930390774294,0.6246768802353189,0.575754847093652,0.5384694958763467,-0.47353713378151685,-0.5162914447506393,-0.8197745293415943,-0.3481346428896166,0.5414658795891825,0.1423921622597506,0.7357324448948006,-0.5341345149033745,-0.43856343411487675,0.1802213000378048,-0.49621926181200227,0.5557806643524748,-0.659413176820923,-0.08928094044114099,-0.19059533573241794,-0.9290973897014267,-0.394586529612706,-0.047755184065235934,0.38096082617382443,-0.42740690669363657,-0.6472471163776072,-0.18589066309066693,0.3573038360909626,0.3413306309095101,-0.639320812980622,0.897304884393245,-0.8241171765829689,0.7809831821882565,0.5589614389187312,0.05738941127434183,0.03974479973474665,-0.699790682514255,0.9040778435432175,0.38020000373806706
-0.5452750985023838,-0.5104985942827218,-0.49156754693914717,0.24299332561332543,0.24906069220516125,0.2388741061156754,-0.8372914589637186,-0.041558279718659996,-0.3329519675009096,-0.3358043480706021,-0.762185545560945,-0.5153099396316123,-0.04457393829374734,0.8184105572317324,0.9421454463835381,-0.837959761832713,0.8035330874840674,0.6434657873869485,0.6603522002744153,0.13951697107699967,0.9917015393072441,0.42785068779031477,-0.04665989968287132,0.690162677855902,0.8179455500882931,0.8321632988571999,-0.1493379037552125,0.32384757612351356,0.6760192095171966,0.47589296392894465,0.6218630428948577,0.1526829907383913,0.178034017662287,0.46898763745059036,0.5390872804519296,0.21150610045009222,0.058922016616641315,0.9803747850401954,-0.20132419764892928,0.9002004642911823,0.2602181921696487,0.7659818385601622,-0.6261969985298168,-0.5460255222541734,0.846292966570362,-0.2681645044207803,0.41902804781221903,0.44998176543975266,0.048539290252755496,0.3519026214660723
-0.3229380868567735,0.5556767550397748,-0.23222161474638536,0.14121871391312402,0.9273476664924307,0.2178325646163719,0.6197828054949155,0.13750704623731913,0.6896020234856048,-0.7728041812885951,-0.6301238741421735,-0.9148754545836351,-0.9109835188366571,-0.14623441101309442,-0.9469918302343205,0.050529940021959874,-0.6671529615787195,-0.9063421123943596,-0.11477844402315851,0.19747063885917848,-0.5382817209987412,0.07296637728548294,0.8161843663237995,0.3583523751586002,-0.9050637991159185,-0.4366169181735682,-0.3254782981942781,0.09582628501203594,-0.38940630461296166,-0.8682837907705827,0.5270473040203965,0.3399785684245207,0.46965022844745175,-0.6559316557124819,-0.6510854393768195,0.39852778951763224,0.18654299554745446,-0.06338183301941314,-0.06955013507391783,-0.44914525144290884,0.3938032425455513,0.13819513223403268,-0.5002784466534504,-0.7521324884263447,-0.15077035408691764,0.4432193745842872,-0.42349896043646007,-0.3049386353009522,0.18707621731701218,0.07250291692061861
-0.10318149952527556,-0.07345067236607061,0.5592431461213385,0.7940874888176452,-0.5055646621900936,0.3738146919796037,0.47260503185172675,0.05467857918401897,-0.22421780805895786,-0.13622390186668154,0.26692168411170814,0.26001940476449015,0.7332312750828809,-0.7956036564600621,0.6484434799767289,0.7938259064318358,-0.09564488626404666,-0.8041821575707933,-0.9464930481917389,-0.8126742763430146,-0.7938140995123244,-0.9720111715026256,-0.9626235689733673,0.13658919013008042,-0.13160563019937266,0.670055191587092,-0.6565836508867484,-0.8809058805371492,-0.9915756826541311,0.46262018858876974,0.5030888265692526,-0.008587593486680145,0.07043438358251963,0.4899504867632505,0.9585232259913221,0.2059855147809988,-0.5151826451652997,-0.7944698947345565,0.12434546245706724,-0.9205978814941052,0.13076593494006694,-0.18192817071406475,0.019818420068860476,0.837079049185919,-0.779562125348165,-0.7472627542013472,0.7474174236622093,-0.7657239715979305,0.5314180909862944,-0.01184233323561612
-0.1335702346658567,-0.38183560991885157,0.699892752167842,0.06177236267268427,-0.6498874549927485,0.526153661663578,0.8681550031424159,-0.9400224276615377,-0.8867962594961547,-0.03786314747632158,-0.6714471882877557,0.11144110506148008,0.13718490839033004,0.13702095883896037,0.8499212086193002,-0.8371595353088064,-0.7792036790680927,0.019832739712402514,-0.68561274654546,-0.6331716736300432,-0.7719261385776517,0.8622765220742306,0.7677936713807316,0.5596017350654026,-0.8560707051864953,0.7668347879464283,-0.5123627650264169,-0.48682531911397753,0.23368570410830447,-0.1078494354467292,-0.7777996178122559,-0.35908884155779397,-0.41247558100336734,-0.9653475011507062,0.31929144411517374,-0.754001849613728,-0.8755543899611324,-0.5747174853507393,0.9159957885175403,0.5310964590549965,0.04915706865537084,-0.621949324544695,0.4979064553701349,0.8288596624070967,0.324923750203308,-0.14448590757697133,0.9831643642913228,0.7755318760091661,-0.8828730430577743,-0.668779902277584
-0.42362441367798187,-0.20160126167285464,0.9224221351568147,-0.7008681982634788,0.8894412829586247,0.0026176793231860174,-0.6890989930568221,-0.5583888002703223,-0.7607784254216452,0.23012274077651185,-0.7792383137427294,0.433205178263147,0.7611082292606346,0.44909284951901984,0.30376911065074186,-0.6030389840392218,0.4205146152430639,0.755684472296557,-0.25301741533573274,-0.042011315263539295,-0.7801131669869301,0.05689689698296796,-0.9654453704092547,-0.47819238721065593,0.9454130527072735,-0.1578848808861082,0.4596805946193845,0.7111902330820676,-0.4637713083155175,0.14499474795621126,0.06918701433235475,0.9493972992712885,0.32062979818366477,-0.3797914684494952,-0.08365855819184942,-0.6823749369368928,0.035653316871421925,-0.03735236165849187,-0.12629423989834354,-0.8237972237392786,-0.972608690288475,0.9466030412808899,0.7726605164832625,0.11227407080220209,-0.805648218517383,0.0865917482124221,0.9729336346378519,0.48590297408481575,0.93861423629252,0.5395192479412807
0.4255999432076032,0.5309833740011896,-0.21794603616878838,0.7381597697432816,0.9007366385097733,-0.17020361963113428,-0.8942490620943095,-0.6724375949039416,0.9769847033654773,-0.06878694536200491,-0.0556614521320844,-0.03398669840047264,0.388020205241955,-0.7984331066240458,-0.4518008396939428,0.14725394290340432,-0.2704707294941353,0.7198126498650108,-0.7675348254749879,-0.1500790890643673,0.9075619030103885,-0.38015989240944226,0.4750862193319989,0.9707586912877608,0.7909003847250222,0.4261664598651653,0.35259151325306126,-0.24317872948220076,-0.582816130859753,0.6611298333375375,0.48487839094625684,-0.0422069876536435,-0.30047020594480545,-0.35064114625529363,-0.8689005129713978,0.6955269825367627,0.8549187524960131,0.4660200027735244,0.2552080064851614,0.323156761300456,0.5690326105163854,-0.4186091014415716,-0.1084942960821782,0.8524825176351416,0.3554532998161841,-0.7293080363617284,-0.412578876211501,-0.6432942708555474,0.9931835175685455,0.3223355969313415
0.601766731024155,-0.0071773274681579124,-0.15627125471124792,-0.3518094363516955,0.8096663641467226,0.7220908191300088,0.4682601691518431,0.22142290680923482,-0.27457106543192866,0.5496256415173852,-0.059770372835312724,0.38330437156791364,-0.35912216073847913,0.9849553151118768,0.7860823353012494,0.39485780152566985,0.20970339771633162,-0.24253027824334605,-0.9161284113088772,0.1625051484599518,-0.16379977253224487,0.8792836808435984,0.39509991657602006,0.8328081746864231,-0.6321152531413103,-0.20235404038049598,0.9703661699142336,0.8689082759287019,-0.4919339846644477,0.18214922526682908,0.27360307180019827,0.9825713127546725,0.6080981670804562,-0.9756922246367465,0.7255568672763673,-0.5173809807544911,-0.2606568935015887,0.37123126990648103,-0.47192461537708796,-0.13493191947958572,-0.4699629703931949,-0.3722099091620592,0.49419800635502975,-0.4592221582904683,0.5860190852364049,-0.15025236923847496,-0.28287840257377717,-0.23060576109223518,0.6622562235786842,0.4249808796259926
0.4018568562503759,-0.5641426566293806,-0.24981429731837546,0.7877911805199629,0.9301911478414708,-0.44235650762125633,0.7215047889994923,-0.100756429016712,0.373272657885944,0.3154917850603378,0.9905278621479408,-0.4407567817289886,-0.5889590850549036,0.8333355427137334,-0.27233135414257914,0.7166222149557941,0.672998980367737,0.7531165908750856,-0.6574041567764888,-0.6095225864283158,-0.43395702323660945,-0.27126308830227996,0.04590572493701828,0.18858176517965708,-0.919571616191273,0.0035495926715856108,-0.9226934708846057,-0.5993563119137835,-0.5283217365411357,-0.14688387313319762,-0.05612417148279025,-0.5171427352605327,-0.6522387474616052,0.8486149290777947,0.275848004335868,-0.2852093980766197,-0.9590902355984512,0.628897084146415,0.7274675447223213,0.7403838221470118,0.6594931703986298,-0.2641364740033545,-0.1854329387661271,-0.2093471705175758,0.33888498515882093,0.22259624504258513,0.9414755847420202,-0.699438509979871,0.8342996129674987,0.7949016476546951
0.8240236994338153,0.7519225896983825,-0.40217703044586983,0.6289545262490588,0.38334111597939247,-0.3227395497940768,0.3708070002895081,-0.9954588475436061,-0.6359046683913112,0.40490379730756487,-0.04388692308234754,0.6936304732027461,0.4297638141282878,0.9856151508973721,0.5829800401882128,0.9547492996883848,-0.3402048602070491,0.8033316811300741,-0.5208409876105953,0.199263872606263,-0.24820667045789913,-0.13491807225811847,-0.6553992902840133,0.9644719900791365,-0.1312490176810317,-0.17884135492531428,0.7201137188974114,0.03132896238040672,0.2124266057466908,0.12489618436227756,-0.5644867090059247,0.8002196235456145,0.40366110435657143,0.6249798780547664,-0.1985664118505519,0.9997797818602265,-0.4980256919031145,0.901740384128463,0.05173449749393777,0.31641813875239055,-0.6934851775302633,-0.8911295390557288,0.5555674860091755,0.1972554510445783,0.43428967307269195,-0.3005949340898315,0.09577521898240882,-0.8602967819682679,-0.9628642561037188,-0.35994165688881274
-0.805235313471405,0.9607779271664745,0.8355336272160918,-0.12312355618102044,-0.2399833243987879,-0.7801792497398945,0.4846329124534754,0.34636427321900554,-0.5849687687498486,-0.07019402246178963,0.7012392542030126,0.693637004153449,-0.4294046685011783,-0.9955466824395436,0.6725234087123546,-0.664297107152513,-0.4036658548515697,-0.21711277719635058,-0.32000958974476124,-0.11987417600303818,0.8583695389716599,0.9514409049312085,-0.8575222434760494,-0.030622579271549988,-0.7326230294369411,0.7516848427294152,-0.6691751700480633,-0.7248921605292331,0.9381990297413174,-0.626251946236942,-0.5694210819301571,-0.4879686001149972,0.9409107109275281,0.35295249967085285,0.409023971385984,0.503823720887095,0.510926177032434,-0.8501233885021371,-0.9134045007056977,0.508394920419025,0.011029075305851066,-0.4602329680446191,0.9982376654818772,0.06256465876898121,0.7602716894650849,-0.503143468135911,0.8707905278936967,-0.6936814860820362,-0.19918425496818815,0.15343804852335285
-0.005061259054296219,0.5885150802132073,-0.4162819397413591,-0.322075166603796,-0.935618349083386,-0.6174102471151821,0.47212040859253745,-0.10890078675200421,-0.09291416920682627,0.10805739066646725,-0.08258901849891176,-0.5627978301520811,0.3879029631986004,0.0375659490174125,0.11380952221745133,0.3184243763011696,-0.755324549030842,0.39664698144282706,0.3836014536695789,-0.46758287401937837,0.8163137708448573,0.03170589388311296,-0.1396110036184206,0.3701298882363888,-0.8258536243397763,-0.9702468562003226,0.43678203451027775,-0.7980926800563379,0.1792774729061568,0.026255142375170237,-0.5544015945358645,-0.19558909848375317,-0.20488232911900983,-0.33147160090875794,0.3130094038955038,-0.761273649477336,-0.44157077195671457,-0.580752033399107,-0.7287656512179557,0.11757364130802417,0.31046272257665164,-0.7986003891893008,0.8378926117221663,-0.12480008368739437,0.8231450189851008,0.5102392063330079,-0.11484543106054668,-0.5721024211735104,0.5520466576588694,0.4886153479115558
-0.3779801803252414,0.07025229364382701,-0.32991657904690674,-0.3265534536608885,0.15749444800512347,-0.40459691157613475,0.9125230729807532,-0.4671185046370714,0.7535472666372613,-0.9637719086530865,-0.6829820161097748,0.7857341250853174,0.9718213531965363,0.4369188985827308,0.6214154996086996,0.30978533602788483,0.2046053280253859,0.7931086645221654,-0.4843348266136931,-0.5964391038987134,0.4874925164064843,0.17458155341300996,0.5224590104823541,0.704054250007268,0.6570152759978072,-0.14290848030106762,0.9068272837850064,-0.9012535614739989,0.1106978567348591,-0.8789549935944518,0.9250284351371034,0.04865562835436377,-0.8483804732479592,0.20112181913297222,0.9290629590317026,-0.07824513813120504,-0.3868966573574717,0.2222363128825462,0.5560507971270545,0.9112204760181672,-0.43362009903182086,-0.8982513678648347,-0.35918019013668356,0.9087809727743026,0.5449095702907507,-0.37170544124598504,-0.24698687557751864,0.5995421378924672,-0.8975280208872642,0.8907073024996071
0.8391204070914671,0.7661690669888399,-0.8284270497406201,-0.40857321365755794,0.41843054796771106,0.7298856110442933,-0.9076549083037113,0.25542675522108294,-0.9914460978753414,0.5055402229636976,-0.06820804727129692,-0.432975769606462,0.08352749550911653,-0.5286223902830849,0.278058787284575,-0.10942913755204486,0.8632398211324617,0.38328675791615296,-0.3868982633171134,0.8962357172356659,-0.016652165840044475,0.48745541372492074,-0.3985315419043185,0.12147152151741869,0.9998043147260773,0.9943279169526362,0.14116300892084332,-0.08802554577368227,-0.9284486924195576,0.8893307561762955,0.4739480655085804,0.030225469387127557,0.5878881491744914,0.1846082710622925,0.5131818327974145,-0.7689229737842007,-0.8200490966380567,-0.05991853511709655,-0.28135127888278566,0.30905497460918596,0.5261202446568665,0.0386163891877076,-0.9920322237167518,0.5828209663080366,-0.6253741044231713,-0.3178222903672103,0.5108577550920699,0.5144971235752331,-0.00032627647469096743,0.2965307495128884
0.33243881217187266,-0.6761021259713824,0.015351058971210474,0.6883464908226355,0.7723268821975653,0.6963622308189632,0.17097131731680015,-0.35411021260135733,0.8697438613644479,0.08651452411855232,-0.6621100162196196,0.292269234794146,0.8199802400912026,-0.5354038561497867,-0.6834590481339817,0.22129906679046396,0.6304348450126214,-0.4117901253784795,0.46902588749491336,-0.8798003269995971,-0.8282423852077834,0.5266670826505653,-0.5830295348611365,0.1490035999028927,-0.22702031886215224,0.20368896046581808,0.004186265562878599,-0.205511928381104,-0.02281818522582002,-0.7800855594554217,0.5425497631079979,0.0735338481520027,-0.20365281965732773,0.278195216424737,-0.21794780862011587,-0.21355160775562965,0.6219682238760504,-0.6120968809685472,-0.2564712454845197,-0.259065344595097,-0.17640867029534357,-0.8770710900362957,0.036182137639059864,0.45298867197724446,-0.3060459145000336,-0.21062028022832457,-0.35700645951765564,-0.36127586758669006,-0.9625809124916422,-0.4701878811634832
0.37751793049537685,-0.1832962976344974,-0.5495283888217357,0.6881288375734793,-0.426860175207318,-0.8833125534877726,0.06980676889529258,-0.7753635395772465,0.5765629689088314,-0.2850254638758525,0.6391287478842296,-0.5064485767860862,-0.6711919857612103,0.6543676322054917,0.28436717176521675,-0.7194334675520455,-0.26342705471335526,-0.4431540417459181,0.8474373719304924,-0.20689158259961538,-0.17818477675164512,-0.6571771732261835,0.7519995296062185,-0.1897726840471461,0.7190991304785439,-0.5462707265491105,0.024385069525159064,0.04338103207236177,-0.7745640033040799,0.6191109031565003,0.8973934959856691,-0.4003354449410388,0.5531657867340027,-0.4865949640774163,-0.49058013567430336,-0.6476499609629505,0.11956689076265592,-0.8084655452390184,0.610439622699884,-0.03675921454208764,0.5760289401025847,0.8676665704688604,-0.8367199429097063,0.9210505616408566,0.8571009754366066,0.9905593158734098,-0.19699610237505683,-0.7103875306776182,0.9786779271658053,-0.793561992949555
0.04440888997711534,0.8948398654244492,0.36013909544314515,-0.6205393262168597,0.4331491384437305,0.8536735574240808,-0.4518420434382393,0.5916117139517714,-0.503626895971971,-0.17832526833785023,0.9919660619691344,0.3623014649245557,0.35442495157884935,0.6780151927782332,-0.21252676903109258,0.6416450442190222,0.3196137230979943,0.3504695501920323,0.6323928430466599,-0.37971348753623246,0.13811899556500906,-0.8207836670606148,0.6940582688395209,0.8992717836421269,-0.3051041483413717,0.10049179867816616,0.6557290626231884,-0.8049151228819742,0.43859921693373716,0.10124019921088401,-0.6142246670188887,-0.008745965121064181,-0.40998744589955516,-0.42480457129937843,-0.8276560118725933,-0.441407418982533,-0.8544613683424958,-0.17828601882794537,-0.1863529499050145,0.02866542584964904,0.34756524111310627,0.6850342680461341,0.14318893246686226,-0.5261751475142087,-0.21663432315361675,0.8180629465113669,-0.25260810241949994,0.5850816946456181,-0.9309690914843864,-0.8712621160668808
0.39717332504695824,-0.12389330329832893,-0.006217541380651337,0.6718852157367077,-0.9162081148899244,-0.7940149839114792,0.9739792163576251,0.91863538640344,0.01581514926781269,-0.6277443541119623,0.12516289730105257,-0.707180355820952,-0.9281497632166165,-0.8616778273212438,0.7079073806319336,-0.020853826321581614,-0.5635074227222647,-0.8054906554175485,0.8622698200838328,-0.11999451544017914,0.2784650897308376,0.9326885085411698,-0.7518395678872172,-0.6448839252482941,0.6414275190728915,-0.26446060010745676,0.6054614198071593,0.17963004638913027,-0.37193440283036994,-0.060062230717786935,-0.8056096576245722,-0.021154137427239483,-0.700444635014775,-0.3112058609576249,0.1576266086798408,0.2732716640367294,0.8880936573063671,-0.9320301153764996,0.41729195086962756,0.3170287807546224,-0.17216790835714546,0.04997975288956802,-0.7654044762436398,0.17641259633264283,0.042024863836097825,-0.9085969698837189,0.09305024634294456,-0.3979099269089992,0.2904342150606314,0.8182451729719191
-0.437749376144863,0.2592806950992457,-0.5206232409853309,0.7362392566335965,0.42486961652844135,-0.19301436927235915,-0.8314784125137225,0.5443422118711903,0.2166012036864564,-0.8730861412693929,0.14851906199251586,0.8112274156086392,0.16215989001462683,0.7734037804519787,-0.6344491606972804,0.7706497149210327,0.8153207639222821,0.2165106696132062,0.23523233641343744,0.01721275562358926,-0.7060026586635422,0.018298899531131063,0.8027084481777731,-0.78193104359837,0.6692443275796123,0.949685625554733,-0.7456655384426365,-0.9439771490473099,-0.19483083424684455,-0.10837672462891046,-0.25463240381485663,0.6514546854097314,-0.06966639019258514,-0.6668006043696098,0.8589367123891143,0.002168006323890026,0.8530071979395197,-0.6607050243530987,0.3746422921535779,0.7248250095579727,-0.46033282007286,-0.14744759634453963,-0.9398543392255498,-0.4675914806158712,-0.15782137926885964,-0.7659546862257471,-0.695588036616932,0.3548804730505477,0.43935637516119685,-0.572397198601386
-0.6712635414908998,0.023372559176670027,-0.3748259610285656,-0.3814693411549315,0.0137208988022115,0.4730142228300691,0.47563135779367816,-0.2134837165709884,-0.543510941658579,-0.8486720792854645,0.45181168698921503,0.09520367406990138,0.3963640996053175,-0.7856506947555544,0.2217247986224855,-0.6868847169867416,0.17697862053394786,-0.0791743291234761,-0.5630610393443782,-0.28753635938433186,0.19999693825533926,0.10836560973962417,0.7730941685846147,-0.18187498341207498,-0.6960671724084833,0.019901227974286062,0.4573664952839196,0.0698119857457713,-0.8705732496875664,-0.14507556979897718,-0.2890379065653548,0.28416837956089047,-0.6818669215735262,0.19716694006534174,0.07795649067865984,-0.8467948405503294,-0.6730530972148454,-0.07676403558487532,0.44123718846696836,-0.17154916714879542,-0.7727950071940168,-0.3888790075191486,0.337020866628984,-0.22785603272623467,-0.497788300974221,0.5109696127275143,-0.6322553919270155,0.30142719380249927,-0.4350920302903116,0.7191575046995244
0.03662969260676352,-0.33687137406252354,0.5415988566141801,-0.15549842386417767,-0.9428299236071527,-0.2456250081065683,0.36682362217887254,-0.07644707681237328,0.047578184711001725,0.5904324610701726,-0.24574132537267168,-0.20638589695695764,0.8816003704229831,-0.34240704646377074,0.21904950681261592,-0.025304387413048968,-0.2749992049953094,-0.10220949082263608,0.2266494512034809,0.8106060104094297,-0.04191946947881098,-0.8797041009892212,-0.20610903170842398,0.760222088273216,0.6755696112872975,0.7708558641483263,-0.7057475880992929,0.29006800254101606,-0.24693992647042817,-0.026582306381345955,0.7666954983712224,0.6148598939474437,0.8499755266648297,0.5680455964098305,0.7106354222933593,0.5412306403911282,0.45709959156785285,-0.9491947951982831,-0.05408507113648131,0.8587266378801179,-0.9301441646812263,-0.10858021023998221,0.2566814070517123,-0.5495445920095108,-0.1215329384295245,0.043762397265644015,-0.342811433637936,-0.7752864833173367,0.49177335778906217,0.014851603511445433
0.3309501607738121,-0.8348867310260051,-0.006244957163298093,-0.26050848819911465,-0.3751434251329058,-0.16861713378538967,0.508269999756112,-0.17146020996007083,-0.7307389886551228,-0.9297105665112877,-0.24650018384772565,0.6307730005957981,0.3390343446904964,0.9883359720466776,-0.8042184590166612,-0.7742619557170993,-0.5020307355589404,0.6206042004827927,0.009831295875742718,-0.00353808549009349,0.8589570701443541,-0.22562624385780872,0.9916504472594494,0.5160218179135749,-0.060917790220165635,0.4802653857325825,0.6604755090105834,0.5339941211677757,0.9872062043844063,-0.11563365606762721,0.49343924250360516,-0.6774242154147019,0.41020325095059906,0.08905794348421248,-0.9127137169274446,0.3428237844912614,-0.33023453739912734,-0.5079208010303518,-0.839575648488545,0.3740009122263541,-0.8563042495396598,-0.5963033306476349,0.31229103188521856,0.15392137309587062,-0.8895551614350348,0.08012249303838237,-0.92462884096319,0.3867724411146103,0.7990487500916283,0.10502334937229829
0.6689371454188486,-0.34564184101710405,-0.9437695728285389,-0.3240993000097574,-0.1348196872878633,-0.5599539275912879,-0.7662193076613226,-0.31718791755848974,-0.9244341224879573,0.05883237095884919,-0.9920705415701279,-0.7392319069308737,-0.3229402389443905,-0.15415093716799255,0.8922714673417733,0.03852632140880363,0.4207317261068426,-0.3670622406611166,-0.6784468163158603,0.7801865599527451,0.7865021660472804,-0.16995634388922287,0.913313264456308,-0.11352492903141886,0.07312346693356453,0.4222052825450846,0.4111734740127426,0.9863631696594415,-0.04251880903422389,0.9995344832983486,0.4379993555597945,-0.8289095250230476,0.615633580118188,0.8941915420579938,0.5283064834306832,-0.2015432493331879,0.06942252564061491,0.2501986761052297,0.23987143329708172,-0.293394710168112,-0.4107340428331159,0.13544619110095768,-0.7931120989360831,0.3144085733940658,-0.4560451583026701,-0.18027579277244188,-0.8472678076928712,0.7697535994501541,-0.8382125145327533,-0.4136932517927705
0.5701667287011718,-0.8203729195178555,-0.8895860163926184,-0.7356559699036813,-0.44119849014229917,-0.7983220820299355,-0.8760799602208404,-0.6380080651951636,0.9851867850660145,-0.8416441045330836,-0.5575428428218925,0.01682512345784959,0.6318136252017053,-0.022021249088217676,-0.1594582140400309,0.25646035970950676,-0.6149044092170954,0.8829861587019905,0.04590231709607373,0.6854268641681549,0.1375555431275659,0.7240754613079723,-0.10247987524695112,0.8975258736646592,0.6415501405635999,0.37632669586709877,-0.25682801279852496,-0.38567480290121336,-0.15307986932158624,-0.6499960291797202,-0.5869397032510291,0.3586119915897483,0.048819809243028534,0.16272991807281123,-0.7395004744615443,0.41893291480522254,0.824183342720187,0.7346731451421773,0.4507447618708711,0.18465064475216808,-0.1640233350262954,-0.131176095841397,-0.7883689113571171,-0.2585472662287409,-0.22843692866786824,0.2050630798086721,-0.2284098619197934,0.3530369604008312,-0.7824137619077494,0.04502754208306303
-0.6228009030931543,-0.9764226166891121,0.6967594422309595,0.37472616681986093,0.3132352519324364,-0.8333465878533182,0.07556276477642587,0.2250125410121777,-0.16976559242118583,0.6487470022492503,0.7241121287254786,0.6726185919170975,-0.7621466920024003,0.9685681346592472,-0.3492754187847731,0.6418565461388779,-0.5271413941944392,0.3378928358965587,0.0737953472010986,-0.08661619680104415,-0.2471145114211386,0.3840810410868669,0.3446801876745851,-0.3685702552126373,-0.36194642130054033,-0.589539000819272,0.924495595942695,-0.6533618136204247,-0.8131497373046215,-0.25642409492335627,-0.11128706389457488,-0.17267840445269167,-0.6532332410347039,0.6272958720089576,-0.41523964056634055,0.9940849297425958,-0.007797052241202085,-0.19826414563552586,0.6081983635912582,-0.7448004373145114,0.507692379467561,0.8355219463278907,-0.4831882937268457,-0.3284528282180581,0.5571867977352758,-0.3637762630417751,-0.723305056494322,0.5276512369139326,0.411080677522774,-0.4410872006625648
-0.6716652279043149,0.1677036220055883,-0.2085690850059847,-0.8053729749985115,-0.03900145865127458,-0.8721774930899526,-0.8613663959514541,0.7137946735578753,-0.7810056502676068,0.22241375222307846,-0.657617647537744,0.3295297897618843,0.607508968793768,0.2000560746221054,-0.9462172214561266,-0.030128028834139897,0.6184777523626996,-0.29147221730152095,0.18019986389774623,0.5434014873446129,0.5416363699281739,-0.9023826004531164,-0.569421769848669,-0.2538033976421934,0.9463583396136568,-0.34826756474377296,0.2575407128279026,-0.6527724564752244,-0.5096300372284119,0.1722220226614084,0.43647220643890794,0.4194058370559737,-0.07732332831436528,-0.12024099828426849,0.8928832903340154,0.899552928250205,-0.8763952117906855,0.33627828209705735,-0.5787120897222762,-0.3909261645111526,-0.7048482020715294,-0.2872240067894807,-0.5984393827461765,0.6773716797406681,0.2792180240479025,0.6394850358625499,0.5635425395080302,-0.41527382738129415,-0.16866090095039388,0.16405694587908703
-0.21593174823409989,0.07959830255900435,-0.162871713475655,-0.4543281450764862,0.5599925306826914,-0.11575533136814276,0.29532935033138985,-0.6182170172774262,0.9753769429315429,-0.6444237516096951,-0.6610138470089417,-0.7621340522818021,-0.9002708850222345,-0.33070247704001243,-0.8480967785222506,-0.7401954162796796,-0.6952037613832633,-0.5975584483171357,0.2290636392476002,-0.004360242151824956,-0.1489938359686871,-0.7684204445951446,0.4911961684630919,0.9595386558644998,0.050194206070216296,0.5465149220941492,-0.8857728717623621,0.24026211133697384,0.10009410657852413,-0.4323217024550985,-0.3569754155739773,0.9351286714273943,0.9472726255062658,0.9093003222424985,-0.05982030420271611,0.9916611787438678,0.5996690490018461,-0.13499394376535312,-0.541339493544879,-0.34981035515136893,-0.49120160129513524,-0.6060142214735578,0.4153599202575746,-0.19312360881540513,-0.3460558635665283,-0.3434967091466432,0.7784359195501303,-0.8147593437528027,-0.6862252091541277,-0.5243012872538313
-0.4050177700042159,-0.903951052107939,0.6849216444264714,-0.6017484878198367,0.9750583410373168,0.36471328195275987,-0.13696498042694483,-0.39982854198373996,0.19517582130381061,-0.6935963751102503,0.23668936037653365,-0.13125447346560914,-0.3038221221469244,0.11931579692078076,-0.020973999951074962,0.2536509804299323,0.08376225049070563,0.7886764539738182,0.06374905108253692,0.5775820363404494,0.13107009325221863,-0.2814755413550878,-0.9813695462784477,0.764231376614108,0.37948401564315226,0.05031486525019968,0.7127179930397105,-0.6951583676863882,-0.432560275661781,-0.9238909724187101,0.16747565982169732,-0.14468122863950184,0.9442038543605,-0.906748385811281,0.24224577491109,-0.2222108921246453,-0.7665112445675164,0.49595927691202846,-0.635414946636812,-0.5408190087506548,-0.37167209013638614,0.6000851750318335,-0.0027504237112569996,-0.9828043716501291,0.518632829146001,-0.51659488892733,-0.9991714958091125,0.00789969877893526,0.8950227382943692,-0.6732613199840949
-0.8163214207156333,-0.9973112959112247,0.30621020581457126,-0.7465110951016025,0.8102649161199764,-0.6535368155597645,0.9775548491698558,0.15876061205312464,0.8950702211709154,0.7586060835524209,-0.9030739964084096,-0.4178341254953928,0.6505869828769053,0.807825206446442,0.11739891315767936,-0.9252509158635385,0.19090989136183723,-0.21463180568972318,0.8604912932993272,-0.8978089022321902,-0.996395376254875,0.1580361363886209,-0.1792342688348607,-0.17409072396086778,0.06883920027038215,0.25025779143058635,-0.9977726558603943,0.45359804696407124,0.44348025556552395,-0.5577508859863509,-0.9054506902972252,-0.1319340806312881,-0.049515699328594565,-0.23796356539305696,-0.5990058971188645,-0.7767714724931345,0.8408011834774047,0.3503394982327577,0.06135648542145855,0.4347025422945827,-0.7090885441198722,0.1618721542206507,-0.6342945999509202,0.5474413599787193,-0.16391765712918138,-0.9290228746699523,-0.47882339298435284,-0.6959070141436419,-0.7068008763060303,0.17597546235385808
0.2681599635378542,0.396209013769401,0.6752750338438758,0.1403412718175634,0.6985346367016048,0.5936933787348786,-0.6364089882786286,0.5032728064081695,0.45115717441848124,-0.7950483821937713,0.9528551944064119,-0.7293940173123565,0.7837565532183945,-0.11267931071484139,0.7589419976750804,0.25585822764340804,0.5217636854647965,0.9794513277312449,0.7172486524554529,0.13070981779104152,-0.07234400717198852,0.9585602550800756,0.6501520566784613,-0.30595458917249285,-0.1354685078589677,0.3102864192692487,0.6291616201332668,-0.9781135414296172,0.3230215265570995,-0.7606511812508847,-0.7014318538817967,-0.6236371912775085,-0.4985453279643566,-0.2552220380463135,0.42442027587139863,-0.2229903839070646,0.1368501825574846,-0.6854188789546436,-0.8417485528563229,0.66723058501687,-0.9960542305800337,-0.650042063391008,-0.7082528983089804,-0.0459009525239118,-0.21231455020146628,-0.22919428684407617,0.40357702022914665,0.746484531602805,0.43029328735168626,0.6316432284895188
0.5917569812916708,0.010767841739899975,0.39551185862505367,0.0817355455024038,0.43960702472932356,-0.4494489540405531,-0.7108717307013519,-0.4945046568229734,-0.03302428270451685,-0.12594739667418597,0.4708603996551486,-0.020202950762618688,0.18557437409021071,-0.3123081450497711,0.3182616744497824,-0.37995492670127406,-0.8266375196921931,0.12353821726418257,0.36713486082838553,0.026546152583509564,0.067496692034958,0.96925400927603,-0.8265623128965274,-0.10858950742660012,-0.30529088082219147,-0.03613631272150286,0.4658130632452946,0.8880525095590559,-0.19783707279901597,0.571467487270199,-0.2609934945392789,-0.9267836521122539,-0.653851394052825,-0.7696747254417287,0.5991618610154585,0.9201875068348082,0.616538516781572,0.6345453058414394,0.7128297732431634,-0.11055767920337312,0.01482466888655054,0.5527437245357154,-0.7150756387352808,-0.17297636401893746,0.888540204701803,-0.43288974374042155,0.850686391639683,-0.05862978469359792,-0.22087336410284797,0.7623200363851246
0.1708712800992358,0.9197541493561636,-0.06449458761549876,-0.4842794537279689,0.9724635572790836,-0.36523176801431445,-0.6875101227550457,-0.514394215687147,0.16120041670280427,-0.16170126034044463,0.40133054246638133,-0.590885657532839,-0.11359740191632106,-0.44777464538116307,-0.572235821651474,-0.11973285604096562,-0.1211547347984201,0.32736484073960925,-0.32766328790474475,-0.22745284713672387,-0.21101753407661894,0.8653466485997874,-0.9125598659167435,-0.6908064462431063,0.07742301122362338,0.21415167029178006,0.6858198095918309,-0.7674271302331714,0.4896642440029617,0.9771185533141868,-0.28734777073452467,0.5012033936116818,-0.7420459444558647,0.6676831732805977,0.20764218168360715,0.2609100179105428,-0.8570179550575503,0.4542417610519185,-0.7419532449626263,0.02391674385871534,0.7359598839963009,0.20944160963176595,-0.8387057032942162,0.8432591906898326,0.013397096642180362,0.43379375140529675,-0.2333478144655481,0.06319054746540154,0.9345793999643925,0.8741260919107141
0.7425548502327008,-0.11219256995217952,0.5496562504733982,0.9489639537039665,0.895140362668577,0.17057886551563595,-0.18167041244568027,0.31088765955731246,0.6855910054481602,0.09828376455310606,0.16951079564512161,-0.8534212001646218,-0.2897651515917583,-0.34167382452941464,0.8798580152937521,-0.24300747714613502,-0.8706442108778374,-0.5748764816605645,0.05357423447776011,-0.2597811389175262,0.03138264676380231,-0.20274788447177094,-0.9295480446421176,0.9554087121583734,-0.5801785523561747,-0.15983900010038932,-0.9966992453161159,0.48597069626773726,0.6612726254267436,0.8796197418397638,0.330760134754184,0.6795407647519549,0.9571594057248007,-0.5065967856471305,-0.1506911133560518,0.6621731587940709,-0.8160985261257419,-0.6468300982495498,-0.7516419538712626,-0.14426747014607155,0.9882809037710958,-0.2493207567556297,-0.13681884251853127,0.2133581107525706,0.9461004847335266,-0.015812844331169362,0.6087277615825264,0.1510045856969784,0.11376257258686495,0.31337898017625676
-0.8832838159156897,-0.1955528854593953,0.6077593916694823,-0.21107940396136415,0.02717713479989925,-0.42505844115636027,-0.5173747621741782,-0.18366501091590726,0.7005814426504178,0.46701503739478634,-0.7782005089962225,0.7111211983815018,0.9212239259473147,0.22331683568013272,-0.10248324682857435,0.4363883376921187,0.6302681170291762,-0.04806515697417302,-0.5709308091380545,-0.3218307253087769,-0.995984464278624,0.5855783491634399,0.4870735296850355,-0.9531811612459182,-0.23961523645879756,0.3036662959088203,-0.08184630977966778,0.27054749613176465,-0.8102262472469643,-0.1082370795234966,0.9529930535511539,0.6812597186550113,-0.935400926926512,0.9637978413760635,0.3459928923419544,0.7765876543265651,-0.4080359889954588,0.8102947017966318,-0.7233596899517987,0.923584270200756,0.5529074851264082,-0.2479066096959932,0.3614456735185425,-0.9060159306953026,-0.5375429154740416,0.4664744255244986,-0.228129414578639,-0.03308948620501129,0.6019894667076597,0.6364055645959104
0.7923107082683685,0.553559052542552,-0.12689106496891078,-0.312565089303404,-0.8895990344523312,-0.9840067962049974,-0.18263583451437881,0.886971072662718,0.09934451209928818,0.38715572347237037,0.9753293413033717,0.563972835813324,0.9824635471689382,-0.48143661807516924,-0.6184326266285094,-0.35295960270203075,-0.2388634649911654,-0.4691203978834242,0.023489387351488755,0.0639730177437543,0.4327232207380556,-0.8835880293419787,0.815175132659014,-0.42391212373168274,-0.3914165682625601,0.30449381716093127,0.9747002347036053,0.3011951415937757,0.003540957562555125,0.02320090309382783,0.9624752940084478,-0.0085742406757503,0.27955535623668837,-0.8626606941860278,-0.20299200309024013,-0.6292685634540858,0.5422223919006894,0.5665448034099656,0.015165459437277207,-0.05109186469943516,-0.44718653123788465,-0.8857507247853009,-0.2632186207199383,-0.8190938756210255,-0.6793712671958927,-0.7933394570192278,0.37019577259724246,0.22286395131910552,0.12426417694825531,-0.3447784774492644
-0.5090413364287913,0.6137036415897019,-0.7847092339481878,0.21748907755577607,-0.5980289697926917,-0.8963137512304669,-0.9301347222386576,-0.20445576274992705,0.6779021582350042,-0.5894638229030846,-0.025241465723888634,0.7723242440959175,-0.7565649736505926,-0.8120396379524752,0.8090827173726125,-0.542467410621577,0.3160565993331965,-0.7870408206706379,-0.1077747931612425,-0.6078197106087018,-0.654485064233659,-0.10838385747458279,0.7690972652354655,-0.4001581998658055,-0.05106500559216265,-0.5705718963628668,0.0222920899810215,0.5616110449753262,-0.93749372919866,0.18493326780084685,-0.2853694513228744,-0.5893166137256474,0.043873051610039404,0.9234996505310851,0.3038177092525287,-0.2652733187499412,0.7483203775498679,-0.2072580114631637,-0.2449937219928211,0.024007207532854125,0.5869014641840389,0.5242773397716927,0.7740213676268954,0.484459547363965,-0.6086799064394688,-0.6410721224779561,-0.8947465246332875,0.6178994026228248,-0.7862968806098354,-0.042089299468115904
-0.8015202352481925,0.7110525900240692,0.47847545086828047,0.3468796707305324,-0.5689746975404315,0.7638198086417347,0.9347286534405965,-0.9559573943158228,0.4975052603121237,0.9763844674126729,-0.6496867094998131,-0.5732727286388482,0.8961646342519303,-0.9973011571438559,-0.386802020887127,-0.8761834483731628,0.3660759772167088,-0.2657985715460991,0.4167707622731762,-0.568893462837953,-0.7962742816701054,0.7710003401658345,-0.6548595833064694,0.026321006719511875,-0.9749668424194917,-0.5251126916721414,0.6691543854379347,0.6115222341974569,0.8069128959046399,0.5231616310496583,0.032801540149584696,0.09053463984540544,-0.17948665596884616,0.5659809511938407,0.8234252282005623,-0.47519672537273916,-0.40070726816717483,-0.6269302066881348,-0.8196843970727796,0.7340328443115287,-0.5916666997200708,0.25857407660820453,0.19198323581835464,-0.1204728399230679,-0.09685811808998857,-0.8004591218016226,0.7020146137038155,0.07995254771438232,-0.8827835648530056,-0.5553868433261218
0.5024323385671297,-0.49353487002003504,-0.12523867246626574,-0.6603343446557637,0.04493063805574726,-0.7517655627013715,-0.18663383824514312,-0.7036897370453259,0.2680811729560788,-0.9839581198141403,0.9194455947068478,-0.8221545503544476,0.908783457360911,-0.17419539844875187,0.9491239531065658,0.03805901488621055,0.9114226187038383,0.6216744779571606,-0.1528376719590283,0.27344060036051854,-0.34391650875787105,0.740122599784613,0.4592958013988606,0.4498004595711733,-0.8164675048146184,0.8503869196569607,-0.36485679921807357,-0.7538364808162572,-0.13235661224187556,-0.7441260066808018,0.06433434034520502,-0.062342687535152486,-0.7305050322045825,0.16699333405922312,-0.24694065053105563,-0.3978481962439582,0.6773362120350939,-0.20117545349761778,-0.050829937728199326,0.8253495608387911,0.23405076300790295,0.17141005548393506,-0.8037082989260136,-0.533284254904105,-0.32444609245480827,-0.8274391928440892,0.9401733206807044,-0.05299816330515217,-0.48783044454998414,-0.7647446791062991
0.23886507843080906,-0.9090138569778454,-0.29770855901489934,0.48056600965637664,0.20764696500507718,-0.7006094443877582,0.4817757619777092,-0.31812481885082944,-0.7520268062922488,0.195470528674202,0.9144967679995064,0.5869382984671203,0.3682249943342648,0.21639490099854752,-0.8060984199293713,-0.1873762799392047,-0.8541976488328484,-0.48146075666988697,0.025034863278612374,0.748546152124923,0.13715882358630793,0.2922265336155401,-0.2755166512724436,0.5732636905622086,0.07771542310985513,0.41041778410206353,-0.3987201586836644,-0.0126656236874374,-0.42207682557912163,0.3931335264776856,0.883000145364492,0.843289770785757,0.9428875169479873,-0.022653715358418758,0.9043856769987602,0.7985397362410493,-0.5742034581892494,-0.9663038655189182,-0.6357128355292514,0.1228000272792209,-0.8182028026115136,-0.03770568606362312,0.5707191577100983,0.08785229280968343,0.65796413090685,0.8721813416526847,0.849294862877799,0.11104668409399743,-0.9501463427337016,-0.3178522893885507
0.0824160238178746,0.4768136449431779,0.08756988932793597,0.5433282737744118,0.09552067752736715,0.7920993983949209,0.05741666071434626,-0.168864480829233,-0.4266398806635152,-0.7949988308971467,0.000448900566811794,0.6494069780902474,0.9111732129375687,0.382856766072317,0.06648345024775626,0.5760643335509283,0.7478467510361484,0.7624561708550175,0.915938566541604,-0.1303743162034312,0.6914439824901812,0.6844519081737044,-0.9351758888767856,-0.9726403091886398,0.6947705327860083,0.10449179093542948,-0.5817846355712506,0.2939875400291809,0.4826367329158727,-0.03621759709726691,-0.08885414690944549,0.5124034419831935,0.2793731903251522,0.22631168238548982,-0.4236837709836081,-0.5410807285851114,0.15200588112093172,-0.08510688243286246,-0.47840174597487684,-0.5317418461510632,-0.963827493087007,0.7632548501602083,-0.44521888898278394,-0.2730169335961783,0.25210207168940446,-0.3774054767838293,-0.8631305709083676,-0.7068575660801253,-0.4355093275644326,-0.896269946811199
0.35095475047290003,-0.6732546012152487,-0.813741308717689,-0.8734771775038808,0.9219446050881488,0.35429150929391584,-0.7267731487441154,-0.014766706400502816,0.17868895291188247,0.42338690063716244,-0.13153164109408655,-0.8835125342554719,-0.007662982897700399,0.4829372877618834,-0.7888770459013683,-0.6324857381547657,-0.995998333617127,0.9247898700050574,-0.4615679511641715,0.8528917726326188,0.3662700719487053,-0.8167952702165193,0.20165208016010405,-0.497569129849182,0.21809536443827726,-0.9155717329856929,-0.7136607420890368,-0.7098400674321592,0.6627740462461311,-0.21821937905347077,0.6236866703840462,0.09128525892078088,0.6074315400172976,-0.17927308437774014,0.026765145014415292,-0.3696959663169759,-0.6073189065648275,-0.12954186133879642,0.29335259706133776,-0.9025376377449104,0.5401009142784168,0.931325732200686,0.037786177132559384,-0.32810279178737956,-0.06853827282297598,-0.9064044554234867,-0.5087193826815626,0.5549969543444844,0.05524051094120841,0.5117601171124049
0.7510265472329505,-0.018296394465805665,-0.3661034585307066,0.049454848163522414,-0.049672917625826596,0.6124511226823235,-0.16480329897786827,0.7078062278242707,0.49227978241656434,-0.8202837830371994,0.9405556473921357,-0.16686403215651424,0.4786603893331365,-0.7115054251134239,-0.0613854215004519,-0.564983506311044,-0.006252958697036792,-0.3483645655599785,-0.04459277720504318,-0.6679022278395896,-0.8859924391180916,0.6870536691446789,0.7599123047046086,-0.08987611271921825,0.9366832700299126,0.9167162094289742,0.11272300488230247,0.5906712269657128,-0.2535142651965643,-0.32048159564881784,-0.9799260982276645,-0.9074520173488296,-0.8510310404518262,-0.7289471081743586,0.9960536499202277,-0.3576084226697538,0.4509530263014496,0.56231288283238,-0.17993877202773545,0.8746760496694521,0.6603623993257437,0.512986527638223,0.06863274975222833,0.7400371058350057,-0.9060432068378979,0.5544524381672731,-0.8415248704040095,-0.001989441872814801,0.15614508841322472,-0.9250388388958672
0.1960868867970622,-0.9436443823221552,-0.7139359165949872,-0.7082679206633098,0.2414411596739492,-0.06943159115165098,-0.9473924792802451,0.22701762305898798,0.6602628968759827,0.9268082968631686,-0.03266636100536191,-0.19439437013939598,0.07935967194487414,0.5648901811519527,0.12054939291624533,-0.07196254850092032,0.12241589096416083,0.2243484014968944,0.3689574563389746,-0.8183946267807292,-0.5274363714432266,0.5814170550216482,-0.9358446615463261,-0.26280078664046647,0.6797050250827237,0.32553485125931836,0.9098459583414233,0.8688322779898794,-0.6677670015246586,0.8925288240915523,-0.2856868469750764,-0.5162817046700501,0.676677391025919,-0.4254434975000194,0.00515797710624355,0.2278259583221054,-0.5182709394389322,-0.027250561850577615,0.9744581557512508,0.5748980731514797,-0.8665344377797481,0.13354332147255876,0.22106483232731122,0.10827362586779721,0.5352015095459204,0.36841819290893296,-0.16872930358645144,-0.478112332980992,-0.6763505919100328,0.5359641753389544
-0.5290162994118903,-0.9886415063846612,-0.5698614025465241,0.9275547869074119,-0.8164409748568442,-0.5028092165006912,0.3169783356698481,0.43891124345544297,-0.7233209127200371,-0.7392309362597462,-0.8196611207695215,0.5138010901340739,-0.38540825947720725,-0.25456456838263586,0.36486357399299285,0.4935870905903883,0.8684821116781758,-0.13782662305975002,0.09305335078063859,-0.7146542657106769,0.5900095448964873,0.23885427561586559,0.686094405851513,-0.07544988479374082,-0.8312571755401907,0.3574978840068952,0.181934638948841,0.8590004066663117,0.346079072880332,0.548307783498728,0.34005516943753555,-0.7188519702012726,0.25436071395559834,-0.6404681974411517,0.12230658640416792,0.9019165810343144,0.17669103507181383,-0.6137410806292816,0.8765509946956649,-0.47428667355848697,0.4154477178435063,0.38491327235298334,-0.7124964886848653,-0.3616281112249804,0.6368142710774998,0.7153190036582422,0.4473025084499178,0.23554396341517325,-0.06771175545026642,-0.4645365048452188
-0.937791775761974,0.8271099726079831,0.12092837814337276,-0.78485453391488,-0.8900900828785518,-0.34051936683790274,-0.4539601508410467,0.9145698292337787,-0.536990274007584,0.7560489611538745,-0.10695680064051949,0.24070264052025836,0.45045955959624706,-0.5720333888875895,0.8951197843861647,0.049710335240409353,-0.8178276087893583,-0.21140361764461835,-0.5771601868427023,-0.33876378087885994,0.25778597804285797,-0.9731335722157852,0.1317680360041007,0.8064571512665077,-0.5068232335455063,0.22749072781722557,-0.09088329375756343,0.2908788439543315,-0.45126114100616377,0.17137633907735195,0.13030177680560273,-0.5336691746973292,0.6874426574333299,-0.8236973333413378,0.9753468611425227,0.9692816942411855,0.9176883602032415,0.6573338185122131,-0.5192429750598118,-0.4475794591737383,-0.9339856027515903,0.1601726657470608,0.8244358202971949,0.9909576213107254,0.6060609470724185,-0.6670624969065235,0.6731088619227479,-0.1424609260049423,0.7523737807284205,-0.22826720841665793
0.038794046684845096,-0.9227030427583545,-0.2107613309402363,-0.8224757962445528,-0.7025942004492505,-0.3464666874547966,0.1210648964939951,0.8123498513688934,0.9602991514228854,0.6453058268286678,0.8911351807285968,0.4435650336653705,-0.20228906273661673,-0.7286779914025505,-0.05138963665383045,0.23103136408099045,-0.799448015788097,-0.9106005287869232,-0.7132632225653044,0.5750920533835329,-0.30485160105401965,0.4616191782410555,-0.8481242800041713,-0.8329826025056808,0.6232585402561597,0.42884836742748167,0.6444312737982418,-0.6988951544533188,-0.18999181376420182,0.22061010924540714,-0.6319649624308163,-0.23348335807406562,0.24196786215949784,0.8561323564843129,0.5708617516673624,-0.2931510219411102,0.785090795799686,-0.20913532819920144,0.5984547863362972,0.7469242720190596,0.2835764207891125,-0.6895965669082647,0.9359975943587355,-0.29459725856117913,0.7471579184309545,0.6039510449863261,0.9350819339608871,0.09593003124594812,-0.8149787370590555,-0.6965542461305856
0.9360811176304735,-0.8871002500314669,0.8201022309790282,0.26645809837413603,-0.16705676866843522,-0.41219031463123823,0.5298506938363268,0.7718964611511909,-0.8896224058719331,-0.9482231342200982,-0.8372502063112117,0.391229540486699,0.1495757604795407,-0.2887088114038452,0.3922198955951388,-0.05611453770465058,0.6418135396812734,0.07529142809193123,-0.40747307211100736,0.2880073549814526,0.36015611987181373,0.8819708769464532,0.9167300869401824,0.027521496838109005,0.06524968010707122,-0.42249196562614033,-0.4936834559801655,-0.561480953342377,-0.029851909019455114,-0.7559260472725278,-0.7784134156071931,0.4495858502819563,-0.059621366152144084,0.7629204098678382,0.2646709010942243,-0.17132731309518467,-0.4039105104838714,-0.7921819120947462,0.8209294674506591,-0.8296122790679137,0.9565405908102607,-0.6579955179255759,-0.23128635827566457,-0.957829165483322,-0.33894319495678227,0.7089573249956658,-0.8989827343989152,-0.3355369600838598,-0.16761584262529183,0.3395225004784579
0.7400484376389844,0.26730915157356216,-0.3864738475276739,-0.3900521670671715,0.3865548836779751,0.0024138681147185537,-0.1660257917463417,0.6164837219702033,-0.422849195343201,-0.55348020961106,0.1681008089943674,0.016102834299581925,-0.6247696508199252,0.7925058225834176,-0.8827317110641415,0.09316715749041116,0.3003654802319229,0.5149011429997432,-0.36342782631564274,0.042421361421215664,0.4962419081187295,-0.6075789846361532,-0.9577399409954381,-0.48957909082130513,0.9064618798271988,-0.323605325277486,0.04163769611789814,-0.39363512549130864,-0.19948132453194,0.05536119359110803,-0.24328219728648204,-0.06601844702179704,0.6078414568805801,-0.7658284532662551,-0.14909512096003263,-0.6222521650740287,-0.7709168774206439,-0.6786828002353711,-0.19811312590053243,0.6316784912420172,0.31944206228144845,0.2287704697292976,0.25160874950072065,0.8278348041150969,-0.22168107855722452,-0.033651126691933264,0.13276422844777835,-0.7733075709145596,-0.23814656167079074,0.9246076446492775
-0.5372305690482584,-0.3231843451355907,-0.9586290336794665,0.11040207538394009,0.9545348745467108,-0.5504976981068528,0.5624170343883415,0.1725243110021677,-0.07645722490815032,-0.6453748221691309,-0.768588924845246,-0.5108056397787939,0.8864595465878913,-0.9515998867720405,0.1363819597280176,-0.5174506506831231,-0.5146819179120299,-0.27495756830837825,-0.012701961622286095,0.46397223504972196,-0.26839671227948925,-0.12589346511017574,-0.6126866304950753,-0.7766749235888621,0.20999305686401337,-0.8680432824500905,0.6478060119914621,0.8482506709247124,0.18227926751124413,0.5297817513648186,-0.6763228197036621,-0.6704016322562252,-0.949949736510308,-0.7315008509669423,0.601587035893286,-0.2453662010038431,-0.3594570193308204,-0.06794064663982935,-0.939265696831165,-0.022873627393457774,0.3234550540313781,-0.7930419910355768,0.26363517590638086,0.04069620274276575,0.9479710737806997,0.34834881215684854,0.8001162294956954,-0.7676107070790414,0.6418779287402065,-0.4921797378055133
0.13292908870364473,0.23733861594120675,-0.5377089490118099,0.6058269522860731,-0.8330869935635676,-0.25032531550140735,0.030487963286107256,-0.13087446691588678,-0.620954785159523,0.23175662948438758,0.2183037315245553,-0.7665371636638154,-0.12189699107485241,0.12107631840960309,-0.6274629079636593,0.028312715991749116,0.21697431053709249,0.29696148479992734,0.7122635607826178,0.007196901141638623,0.29160809384444564,-0.45157351760101694,0.42569454490476044,0.29365952857604016,0.6894564488497728,0.7757539805693092,0.02395718554511639,-0.6568044910998783,-0.5698171556696727,0.18577278706116518,-0.6735836182522315,0.776548472621637,-0.7654841349829637,-0.9203975281507968,0.6867319977106354,0.7962403821216917,0.1691171300202754,0.9439364751897892,-0.5587681931894162,0.49893224189058705,0.7138737112081666,0.9393147495809595,-0.5131926265716493,0.7334306496984198,-0.4856000817633137,0.7206879258487215,-0.48259928839168653,-0.16915703903601198,0.6582832300397783,0.9120963314939803
-0.31918872161691425,-0.5836351897437377,0.4604394068019144,-0.8981274341396901,0.3520438921772415,0.8115513994319707,0.8053099345249373,0.921054829907241,0.9840643247758032,-0.2975002955816901,0.8261416681380633,-0.5873192506610234,0.031880700471441425,0.013419912611277507,0.6065716222190884,0.12060708123212693,-0.6809202637393024,0.6197880291836433,-0.10313759249861443,-0.6187053794591266,-0.5378814999541564,0.1892277186867828,0.3223619557587427,-0.25605406029280475,-0.624537998381379,-0.29308290286723127,-0.2424306771304594,0.27520122541176395,0.3498498043273086,-0.6878661736475862,0.8388076726611451,-0.48938547266249266,0.9309409532456021,0.276281614961285,-0.8477100664378265,-0.4496572107783643,0.061096149374070485,0.9971027951730598,-0.1116604835092736,-0.018558986380713627,-0.048590311849510126,-0.8537437702740789,0.7502573835339263,0.9146738123548674,-0.9531850657571463,0.8263418909042799,0.3075214134557971,-0.5282868268243259,-0.03719094395327538,-0.8447021648875617
-0.4530930082668285,0.22676248187564596,-0.47503194938401316,-0.0644751400268011,0.06430309704750314,0.7339802109317692,-0.7800478246670726,0.3303223658443373,0.7701862649784337,0.2555670518603672,0.5725423203918654,-0.3384558583413133,-0.95835290039911,-0.6224297567465067,-0.6461634409712462,0.004446414819558431,0.4972438984507601,-0.00030320812203177283,-0.9236226588637493,-0.4041077546184728,0.6787558974531587,0.3078713992702302,0.5110534884848734,-0.12779473359762195,0.6326476318811407,-0.20106343076203714,-0.7615724427250066,0.0936701178801993,0.019892714867523864,0.7254469000537962,-0.881622953840687,0.8938274696304616,0.6237061495046148,0.5029995421618478,0.14106979754170768,0.8859004108594002,-0.7523404389184658,0.6009011587457644,0.017644957738461642,-0.298931100329757,0.6569004207110178,0.026097073214498057,-0.3214907631218935,0.689243091005534,0.27039412826881914,-0.28655454333313246,-0.8756833168170175,-0.7635931270450076,0.5751032458792351,0.37801585322026465
-0.8306561891691411,-0.5226479537438742,-0.25745493438242395,0.1371325757424482,-0.21107252455186476,0.9775793630076994,0.8696054132513988,0.12781441416281236,0.14700387209531973,0.10729445443915075,-0.21517551399310797,-0.6323411997801913,-0.9796859529894513,-0.025752468838995846,-0.6041030171273061,0.5051132577911819,0.007830965375181798,-0.4587776615446586,0.6410997121481747,0.9785879645910054,0.22213666433250978,0.29534668184891943,-0.7324003913537052,0.333658260498114,-0.6284957756549341,0.42585568477104907,-0.20762205460078365,-0.642927171334271,-0.7585343511880072,-0.46020902107170425,0.5284265506663899,0.9825941281788211,-0.6080298309286034,0.11607438437320017,-0.4773471373427296,0.4668704196801854,-0.8698196620175271,-0.4934551904517641,0.9958709916366137,-0.8620317745720709,-0.7004993478540631,-0.6347512963744317,0.9866912279887861,-0.1666131670076707,-0.7225728711146133,0.4483456465444444,-0.6793168299566235,-0.7295680763689085,-0.7360803686542914,0.9248976606999046
0.8357124899771144,0.42795578610418783,-0.9846846183860745,-0.15698722299896728,-0.8263849055684189,-0.8414901703767801,-0.11464489705267145,0.5948740627999873,0.8671394172478073,0.9926378408723777,0.526880937164385,0.9040467290097856,0.22219364039425527,0.09771439738248588,-0.052492996944009995,0.907902719396104,-0.8170492639537432,0.9828141578545777,-0.0016687908825909759,-0.06012917097397352,0.9868237914806874,0.5729444765454397,0.12912074430323006,-0.7993084784781161,-0.4148915374395754,-0.9943532162079962,-0.09134000719131397,-0.5495132679415331,0.5645717434988606,-0.6548602899724911,-0.2567856951509673,0.21689865813551323,-0.39731680436608663,-0.10417708353695465,-0.32000341218069206,0.6826996679986155,-0.06943322023976117,-0.40033127670224733,-0.8742162773685664,0.29290556315976435,0.5292581234630775,0.9405783700339532,0.7687372805067367,0.7242664757283452,-0.45007909024238923,-0.20481920324078873,0.427163262876745,0.0784672139504603,0.05722015719443041,0.6048108937238337
0.03948040232751637,0.05561704884737484,-0.6058644797856618,-0.032301471857226094,-0.7310339400869754,0.8027541036152694,-0.6030428499116147,-0.9333644243590538,-0.3914262133862736,0.06446762116102045,0.720006966543532,-0.6036800380534348,0.8183760701916709,-0.3727811479956129,0.7759321591360613,-0.6229644982526983,-0.7903664617110504,0.5892407614587412,-0.4231329928740091,-0.2107231842901678,-0.9370882167834971,-0.1251690360359845,0.43071933168886334,0.7020676145568796,-0.5136937342907362,0.4055093117271431,0.45059971926805,-0.5166537244050797,0.20814660083766556,-0.05835631490727966,0.412875286310348,-0.8248848595975846,0.4426875357552511,-0.2742180953285236,-0.6238587308525854,-0.39042851070814244,0.8965329051816004,0.763069001417644,-0.027196064673391085,0.8505161869873068,0.8061507860797228,-0.7964241337157332,-0.48868257149452,-0.09548183462375981,-0.5026147243340455,-0.03739137262178227,0.5570076739557681,-0.37219979229356115,0.7792981759104074,-0.1261139248929699
-0.32122329345627154,-0.4216736673848178,-0.6724121076591794,-0.13184880002752086,0.10081238494141331,0.6558254212526462,-0.9162940181424393,0.9508045026720446,0.18569502677459004,-0.8664325480944028,-0.5215159096885293,0.246759820451401,-0.8250489935171852,-0.47006111392571803,0.7088984391185584,-0.3465157050624499,-0.40131645861541765,0.4178399243364601,0.6996934715047636,-0.18938516526297233,-0.7885304341452279,0.6537412847342297,0.47476993917920485,0.05387876327497976,-0.5143721066081355,-0.6427289047600966,0.6149480018232985,0.9096009948995776,-0.8402177852951724,0.5121903732122663,0.2508848811280333,0.0951421090800233,0.5097729986929496,0.14949986181194985,0.237087201538158,0.10278117690895838,-0.43282404923954676,0.40756093112670433,0.38298471058838457,0.5773698806590821,-0.9056428773865597,-0.8410730793714243,0.29917138634255114,0.3762083074372238,0.3283139970900084,-0.8258657304154493,-0.5928984802758284,-0.8725022803986571,0.4557539505041235,-0.249202778454789
0.8258378989752648,-0.676929800811076,-0.8362656048482657,0.8059713491436118,0.6879356315514769,0.26286855200995474,0.9237045194609625,-0.21036548675039501,-0.12790656412191437,0.9694170864809335,0.9155026437743348,0.5825552378510679,0.3860300917564774,0.2667438628734682,0.42840305491754416,-0.6523005436751981,-0.5477863217568406,-0.6258344105156657,0.05506481327343371,0.6911808108570465,-0.7430707220050765,0.8393178172015392,0.7855744799602955,-0.5033840681920223,-0.037003367790973574,-0.8031260092923573,0.020222634916606808,0.7390173126400157,0.7581502767480686,-0.7651087925624687,-0.42055399232484314,-0.3025171631139867,0.9106011166106369,0.19455914681946318,-0.19654225302563155,0.44895083390161883,-0.0671311237061305,-0.8661294288547845,-0.4425861527417747,-0.6744095088537825,0.6521047927007073,-0.6587586836196881,0.5073581264750939,-0.43543275900039147,0.2597906980162059,0.006012776655970331,-0.9201252053150855,0.37992268275905205,-0.2998059065732761,0.708635855038144
-0.15512539533674152,-0.25703170007359377,-0.3542560622048363,-0.2462152412548022,-0.45513237323903155,-0.6362101926260264,-0.47510644048064155,0.0075430695724394425,0.6035722781335084,0.5162585449001074,-0.6263172323750665,-0.4932897862908665,-0.691342763089493,-0.14401911684742474,0.7580680056513351,-0.39030462263805976,0.9660607172612559,-0.02723102906582664,0.7323354134322244,-0.9079740839323045,-0.6685345209272509,0.9947940995900493,0.11259015958484486,-0.8221000656725512,0.11279561264535687,-0.23993373477083813,0.4014385606712789,-0.9276826722403975,0.00876456055460162,-0.13781573808668668,-0.8878922750199685,0.6625229611826651,-0.7463274049360376,0.24754701098660936,0.5011173486238087,0.9036862069072029,-0.7789294274864176,-0.8540077234779484,-0.8241672288772453,-0.9407253230738513,-0.21442950740137245,-0.6973618812365325,0.09817476443127626,0.12218788784108492,-0.31687227984507516,0.1537030446325791,0.29998073235615674,0.4792512735050356,0.45416465506336756,0.4148167841003474
0.361387164780564,-0.6954135320633292,-0.13586452030394547,-0.9536377661557509,-0.1488234926668941,-0.7859481699040192,0.7175547297146134,0.07859785360698268,-0.6065651443366029,-0.9889991942498995,-0.6204473938510637,-0.10837190983305334,-0.8862926250143439,-0.4741424919253321,0.8899323308571838,0.7832985733601951,-0.23578966736471596,0.11234046141877485,0.21106563946815848,0.7584895980079907,0.37793345232148035,0.34724878987158636,0.07006426864884441,0.21219686049883668,-0.3777026268876318,-0.390999412637405,-0.9177756227341174,0.3980059526078241,0.30064704832434774,-0.3821324448944803,0.7304361351535853,0.4484880371051294,-0.934425729841923,0.09385496104224611,0.5382910375527414,0.30560229715805143,-0.493070808150168,-0.5445914587895717,-0.08290933091901254,0.8327464216804596,-0.4519222138207635,-0.2451396471039522,-0.3141580955650123,-0.6279079681616375,-0.2514769661693972,-0.9101163186774861,-0.3637447308349442,0.3231651668203659,0.602437307306896,-0.5394469809742883
0.08666717723963036,0.07210045388730002,0.42026870688327467,-0.6751463213982536,-0.9520753375337518,-0.8059269866139593,0.04162731359615268,-0.9428838241849102,-0.4659615100808807,-0.22774573992567504,0.834217738614186,0.5668132906559635,0.265673280036808,0.16203379462767575,-0.2509728880974462,0.41455066047638534,0.3968852387141588,-0.7797722556180746,-0.128572522226158,-0.7352220244992393,0.683167123341081,-0.7443221004930756,0.8543339023113283,-0.6804089797337753,0.1246388650279715,0.07526306690889806,0.9575042695266549,-0.28860779838725614,0.4056010417824232,0.9049031987958656,-0.4668369255670908,-0.07594019019367204,-0.20489612991229933,0.26359574706261757,-0.7858138391078686,-0.4297709593850483,0.8814959544745911,-0.7707049693121744,-0.6937449474408277,0.3107031860266387,0.9247730883396921,0.3957509726613875,0.24948140521204865,-0.7291974873468106,0.8345614295253605,-0.4969707652038604,-0.7904105927948768,-0.7495566655480297,-0.17312018290075581,-0.40023445607018493
-0.22102683162900805,-0.9087414398156652,-0.3748361541717782,0.31810306302472346,-0.18682609438589637,-0.9295933752911041,0.14626454159582414,-0.6413522452795508,-0.8047500479249781,0.8840145507806643,0.45889671464017123,-0.41821813403767605,0.4955354478705698,-0.671206266561235,0.6912923576467596,-0.6077359315372401,0.25857694010677257,0.09130313295148929,-0.5223336000238996,0.9782162418035476,-0.35396061592076,0.45219351947330155,-0.9433658305218087,0.40738392899135834,-0.44189644934761674,0.2447055392849018,0.5837545567391254,-0.408086271807349,0.5570686517382089,-0.019003405130673556,-0.344137689868663,0.7478408681751167,0.23174835917546943,-0.4951550936741156,-0.08399590101592525,0.21459166597552937,0.5728614694519827,0.17021269344544576,0.49378058657061397,-0.49647035211805557,0.5486655770702216,-0.3860931909977108,-0.6272810333326944,0.3608505270143474,0.46834140500783805,-0.7389366136329545,0.826373684564881,-0.04032619066524745,-0.18167210027346137,-0.563819373271401
-0.6645977269298036,0.7091250978967398,0.8056335665371854,-0.4940565851529404,-0.06501559872409457,-0.5020747102560268,-0.6746119542808424,0.08683195433356028,-0.7545481344505736,0.7949632273181435,-0.8293657456650982,0.4165187527179586,0.8676210190508247,0.3790328305704067,0.19333238080848725,-0.6202177771789321,0.7164679650114358,0.714595601305164,0.2632688595337749,0.35263463100286785,0.32541838773846266,-0.9312043075547001,0.4255333162098478,-0.42549730167686084,-0.6513140617191833,0.4335424474796161,-0.7625838464736208,0.5415586049654304,-0.693243745300471,0.5090525478401613,-0.9417500783469639,0.6659379185914323,0.47440634569281537,-0.01875994716331464,0.5467119262133115,-0.656260591363818,0.8461234590822375,-0.23115142634328079,0.7026015145637658,0.3818397628165826,-0.3183078185557462,0.8532340625211776,0.3195018941273031,-0.5444420579727303,-0.46874598537897105,0.6341618740828099,-0.01847078599207208,0.2235200852831083,-0.5941093389020486,0.35677528638530687
-0.7249186659046836,0.1353669462732512,-0.09151940961908389,0.18221698913913187,0.45778616658652194,0.8752197900811769,0.12221736203167577,0.13146875746375164,-0.8139738955337941,0.09205056431642822,-0.0822782726598068,-0.6702943252893885,-0.8817061629369585,0.9839307897742655,-0.8176788340142958,-0.42712439579606487,-0.38906000534610863,-0.11199820899222557,0.8943006525557351,-0.583509751953105,-0.9261801705963113,0.25062146425312637,-0.9670809085352321,0.037597925353966666,0.08078862232553297,-0.8421575774431886,-0.4169557497294716,-0.22769588575493005,0.24429076094774294,-0.20490012284567483,0.7772815469532643,0.7447870615189744,-0.9672946408119456,0.16104538729930873,-0.8116687455552736,0.9987863184592691,-0.5082247618664497,-0.18442710367312154,-0.6691204339271439,-0.9384910409523259,0.09115592221198154,0.11234832003654338,0.9148905135832934,-0.5976738259009986,0.07510335740816476,-0.4934146458253301,-0.45429884216411054,0.9830381803711181,-0.4092867490195262,0.3213341528659881
0.2793968333796806,0.3814760988681849,-0.8672461473272746,-0.2068012303862914,-0.9868608817080577,-0.7041806560433495,0.5207519296820857,-0.5601656742270298,0.6671414818232977,-0.8270070598944317,0.4484451954722739,-0.9584756697768761,-0.9514597114147878,-0.9964156122175671,0.46618097825636307,-0.7491048315871818,0.3768957066671388,-0.3035605465704694,0.7360215701026389,-0.11088825122278001,-0.9874001309250784,0.0901820620987821,-0.06304884145520662,-0.5581522538154835,0.4821927424934267,0.9011841923212414,0.990186378695272,0.5949031726982348,0.5147389633587318,-0.8286771278779308,0.17489105689175988,-0.2619998771926264,-0.8817675642557581,-0.39612433675551095,0.8783294428314141,-0.8203032816280906,-0.5607602900558075,0.6053092202769039,0.06412946941728226,0.911705659692513,-0.4784352199449473,0.6254385472216621,-0.04095914209966356,0.6753309934826546,-0.7309332948626897,0.04222045969426391,-0.593243223587856,0.5598901425174119,0.7085695648891095,0.6168102807559936
0.795395360845788,-0.47518911206422576,-0.4209723649573287,0.5888580702563218,0.5064089908860621,-0.27985207026184833,0.5686400720976637,-0.6556230253182038,0.8552312940808471,-0.9307973890410826,0.5020764227079026,0.80553297653563,0.07119385736332395,0.42958089055860516,-0.9661850373215195,-0.6706427107539294,-0.6451821298438967,0.5040854884102979,0.509099286766955,-0.9303586396637353,0.043464493299128826,-0.6813434011281836,0.6778424937306156,0.7536318586109401,-0.15640869987556894,-0.0687997371565725,-0.5731227002953374,0.15584941429740384,0.46490839014395036,-0.5634374324522797,0.42775946356326644,0.5578959642770154,0.6415883635285318,0.43572178734396516,-0.4735483762602182,-0.5390375110734338,-0.9376295808691415,0.7404648980464521,-0.0926705178590228,0.10984567266103396,-0.2798844221945074,-0.6392984427191384,0.24018812267760525,0.3858804623894607,-0.8855008767094943,0.036183412545486515,-0.1346385732679658,0.12482080387355188,0.4753316323397456,0.893289984650441